label,fpr,tpr,threshold
Atelectasis,0.0,0.0,1.5027003
Atelectasis,0.00027739251040221914,0.0,0.5027004
Atelectasis,0.0024965325936199723,0.0,0.50222176
Atelectasis,0.0024965325936199723,0.002531645569620253,0.5022162
Atelectasis,0.009986130374479889,0.002531645569620253,0.50167453
Atelectasis,0.009986130374479889,0.005063291139240506,0.5016426
Atelectasis,0.010818307905686546,0.005063291139240506,0.50158674
Atelectasis,0.011373092926490984,0.005063291139240506,0.50157964
Atelectasis,0.012205270457697643,0.005063291139240506,0.501421
Atelectasis,0.012205270457697643,0.007594936708860759,0.50141555
Atelectasis,0.014979195561719833,0.007594936708860759,0.5012211
Atelectasis,0.014979195561719833,0.010126582278481013,0.5012201
Atelectasis,0.0188626907073509,0.010126582278481013,0.50096744
Atelectasis,0.0188626907073509,0.012658227848101266,0.5009538
Atelectasis,0.026907073509015257,0.012658227848101266,0.5004142
Atelectasis,0.026907073509015257,0.015189873417721518,0.500348
Atelectasis,0.028294036061026352,0.015189873417721518,0.5002855
Atelectasis,0.028294036061026352,0.017721518987341773,0.500278
Atelectasis,0.03356449375866852,0.017721518987341773,0.50006
Atelectasis,0.03356449375866852,0.020253164556962026,0.5000446
Atelectasis,0.036893203883495145,0.020253164556962026,0.49988094
Atelectasis,0.036893203883495145,0.02531645569620253,0.49986246
Atelectasis,0.0377253814147018,0.02531645569620253,0.49982297
Atelectasis,0.038002773925104025,0.027848101265822784,0.49982125
Atelectasis,0.04105409153952843,0.027848101265822784,0.49969465
Atelectasis,0.04105409153952843,0.030379746835443037,0.4996935
Atelectasis,0.04410540915395284,0.030379746835443037,0.49964562
Atelectasis,0.04410540915395284,0.03291139240506329,0.49964288
Atelectasis,0.04549237170596394,0.03291139240506329,0.49962074
Atelectasis,0.04549237170596394,0.035443037974683546,0.49961048
Atelectasis,0.050208044382801666,0.035443037974683546,0.49942416
Atelectasis,0.050208044382801666,0.04050632911392405,0.49941763
Atelectasis,0.0507628294036061,0.04050632911392405,0.49940544
Atelectasis,0.0507628294036061,0.04556962025316456,0.49938694
Atelectasis,0.056588072122052704,0.04556962025316456,0.49912843
Atelectasis,0.056588072122052704,0.04810126582278481,0.49911323
Atelectasis,0.0579750346740638,0.04810126582278481,0.49907118
Atelectasis,0.0579750346740638,0.05063291139240506,0.49906126
Atelectasis,0.06685159500693481,0.05063291139240506,0.4987318
Atelectasis,0.06685159500693481,0.053164556962025315,0.4987305
Atelectasis,0.06823855755894591,0.053164556962025315,0.4986983
Atelectasis,0.06823855755894591,0.05569620253164557,0.49869806
Atelectasis,0.07406380027739251,0.05569620253164557,0.49854726
Atelectasis,0.07406380027739251,0.05822784810126582,0.49854335
Atelectasis,0.07461858529819695,0.05822784810126582,0.49853185
Atelectasis,0.07461858529819695,0.060759493670886074,0.49852464
Atelectasis,0.08072122052704576,0.060759493670886074,0.49831542
Atelectasis,0.7300970873786408,0.7848101265822784,0.49830994
Atelectasis,0.7339805825242719,0.7848101265822784,0.4980991
Atelectasis,0.7339805825242719,0.7873417721518987,0.49809694
Atelectasis,0.7381414701803052,0.7873417721518987,0.49789774
Atelectasis,0.7381414701803052,0.7924050632911392,0.49785873
Atelectasis,0.7384188626907073,0.7924050632911392,0.49784356
Atelectasis,0.7384188626907073,0.7949367088607595,0.4978302
Atelectasis,0.7436893203883496,0.7949367088607595,0.497462
Atelectasis,0.7436893203883496,0.7974683544303798,0.49746177
Atelectasis,0.7453536754507628,0.7974683544303798,0.49735358
Atelectasis,0.7453536754507628,0.8,0.49735263
Atelectasis,0.7456310679611651,0.8,0.4973445
Atelectasis,0.7456310679611651,0.8025316455696202,0.49733093
Atelectasis,0.7492371705963939,0.8025316455696202,0.49710512
Atelectasis,0.7492371705963939,0.8075949367088607,0.49703613
Atelectasis,0.7525658807212205,0.8075949367088607,0.49678347
Atelectasis,0.7525658807212205,0.810126582278481,0.4967541
Atelectasis,0.7603328710124827,0.810126582278481,0.49606618
Atelectasis,0.7603328710124827,0.8126582278481013,0.49603227
Atelectasis,0.7608876560332871,0.8126582278481013,0.49588084
Atelectasis,0.7608876560332871,0.8151898734177215,0.4958309
Atelectasis,0.7625520110957004,0.8151898734177215,0.49576914
Atelectasis,0.7625520110957004,0.8177215189873418,0.49576527
Atelectasis,0.7631067961165049,0.8177215189873418,0.49569225
Atelectasis,0.7631067961165049,0.8202531645569621,0.49565336
Atelectasis,0.7650485436893204,0.8202531645569621,0.49554947
Atelectasis,0.7650485436893204,0.8227848101265823,0.49547186
Atelectasis,0.7661581137309292,0.8227848101265823,0.4953854
Atelectasis,0.7661581137309292,0.8253164556962025,0.4953794
Atelectasis,0.7667128987517337,0.8253164556962025,0.49535224
Atelectasis,0.7667128987517337,0.8278481012658228,0.4953219
Atelectasis,0.772260748959778,0.8278481012658228,0.49484754
Atelectasis,0.772260748959778,0.830379746835443,0.49480638
Atelectasis,0.7730929264909847,0.830379746835443,0.49478054
Atelectasis,0.7730929264909847,0.8329113924050633,0.49477795
Atelectasis,0.7803051317614424,0.8329113924050633,0.49422282
Atelectasis,0.7803051317614424,0.8354430379746836,0.4942161
Atelectasis,0.7833564493758669,0.8354430379746836,0.49400115
Atelectasis,0.7833564493758669,0.8379746835443038,0.49399853
Atelectasis,0.7861303744798891,0.8379746835443038,0.4936724
Atelectasis,0.7861303744798891,0.8405063291139241,0.49362436
Atelectasis,0.7916782246879335,0.8405063291139241,0.49317107
Atelectasis,0.7916782246879335,0.8430379746835444,0.49311718
Atelectasis,0.7955617198335645,0.8430379746835444,0.49279264
Atelectasis,0.7955617198335645,0.8455696202531645,0.49278864
Atelectasis,0.8002773925104022,0.8455696202531645,0.49204826
Atelectasis,0.8002773925104022,0.8481012658227848,0.4919901
Atelectasis,0.8061026352288488,0.8481012658227848,0.49159104
Atelectasis,0.8061026352288488,0.850632911392405,0.49156183
Atelectasis,0.8124826629680999,0.850632911392405,0.49107346
Atelectasis,0.8124826629680999,0.8531645569620253,0.49104545
Atelectasis,0.8171983356449376,0.8531645569620253,0.49061167
Atelectasis,0.8171983356449376,0.8556962025316456,0.49059975
Atelectasis,0.817753120665742,0.8556962025316456,0.49056366
Atelectasis,0.817753120665742,0.8582278481012658,0.4905356
Atelectasis,0.8313453536754508,0.8582278481012658,0.48917994
Atelectasis,0.8313453536754508,0.8607594936708861,0.4891644
Atelectasis,0.8330097087378641,0.8607594936708861,0.4890146
Atelectasis,0.8330097087378641,0.8632911392405064,0.48891598
Atelectasis,0.8363384188626907,0.8632911392405064,0.48862293
Atelectasis,0.8363384188626907,0.8658227848101265,0.48855668
Atelectasis,0.8368932038834952,0.8658227848101265,0.48854285
Atelectasis,0.8368932038834952,0.8683544303797468,0.48847726
Atelectasis,0.8371705963938973,0.8683544303797468,0.48844928
Atelectasis,0.8371705963938973,0.8708860759493671,0.4884471
Atelectasis,0.8391123439667129,0.8708860759493671,0.488347
Atelectasis,0.8391123439667129,0.8734177215189873,0.48826027
Atelectasis,0.8393897364771151,0.8734177215189873,0.4882341
Atelectasis,0.8393897364771151,0.8759493670886076,0.48820382
Atelectasis,0.8416088765603329,0.8759493670886076,0.48792627
Atelectasis,0.8416088765603329,0.8784810126582279,0.4879165
Atelectasis,0.8427184466019417,0.8784810126582279,0.48781914
Atelectasis,0.8427184466019417,0.8835443037974684,0.48777705
Atelectasis,0.8438280166435507,0.8835443037974684,0.48753023
Atelectasis,0.8438280166435507,0.8860759493670886,0.48740894
Atelectasis,0.851872399445215,0.8860759493670886,0.48645866
Atelectasis,0.851872399445215,0.8911392405063291,0.4864325
Atelectasis,0.8565880721220527,0.8911392405063291,0.48582825
Atelectasis,0.8565880721220527,0.8936708860759494,0.48582467
Atelectasis,0.8568654646324549,0.8936708860759494,0.4858193
Atelectasis,0.8568654646324549,0.8962025316455696,0.48575276
Atelectasis,0.8571428571428571,0.8962025316455696,0.4856983
Atelectasis,0.8571428571428571,0.8987341772151899,0.48568007
Atelectasis,0.8629680998613037,0.8987341772151899,0.4846542
Atelectasis,0.8629680998613037,0.9012658227848102,0.48456115
Atelectasis,0.8635228848821082,0.9012658227848102,0.48455033
Atelectasis,0.8635228848821082,0.9037974683544304,0.48454335
Atelectasis,0.8690707350901525,0.9037974683544304,0.4838136
Atelectasis,0.8690707350901525,0.9063291139240506,0.48378348
Atelectasis,0.8699029126213592,0.9063291139240506,0.48373187
Atelectasis,0.8699029126213592,0.9088607594936708,0.48372066
Atelectasis,0.8723994452149791,0.9088607594936708,0.48333257
Atelectasis,0.8729542302357837,0.9088607594936708,0.4832672
Atelectasis,0.8782246879334258,0.9088607594936708,0.48246703
Atelectasis,0.8782246879334258,0.9113924050632911,0.48243064
Atelectasis,0.8859916782246879,0.9113924050632911,0.4813404
Atelectasis,0.8859916782246879,0.9139240506329114,0.4813131
Atelectasis,0.8904299583911235,0.9139240506329114,0.48070848
Atelectasis,0.8904299583911235,0.9164556962025316,0.4806887
Atelectasis,0.89625520110957,0.9164556962025316,0.47994757
Atelectasis,0.89625520110957,0.9189873417721519,0.4799245
Atelectasis,0.8998613037447989,0.9189873417721519,0.4794876
Atelectasis,0.8998613037447989,0.9215189873417722,0.4794135
Atelectasis,0.9020804438280167,0.9215189873417722,0.47907165
Atelectasis,0.9020804438280167,0.9240506329113924,0.47906595
Atelectasis,0.9054091539528433,0.9240506329113924,0.47852966
Atelectasis,0.9054091539528433,0.9265822784810127,0.47852394
Atelectasis,0.9084604715672677,0.9265822784810127,0.47773325
Atelectasis,0.9084604715672677,0.9291139240506329,0.47768667
Atelectasis,0.9104022191400832,0.9291139240506329,0.4772775
Atelectasis,0.9104022191400832,0.9316455696202531,0.47720298
Atelectasis,0.9148404993065187,0.9316455696202531,0.47640997
Atelectasis,0.9148404993065187,0.9341772151898734,0.47637644
Atelectasis,0.916504854368932,0.9341772151898734,0.47622505
Atelectasis,0.916504854368932,0.9367088607594937,0.47618356
Atelectasis,0.9209431345353676,0.9367088607594937,0.47535518
Atelectasis,0.9209431345353676,0.9392405063291139,0.4753279
Atelectasis,0.9217753120665741,0.9392405063291139,0.4752218
Atelectasis,0.9217753120665741,0.9417721518987342,0.4752186
Atelectasis,0.9226074895977808,0.9417721518987342,0.4751063
Atelectasis,0.9226074895977808,0.9443037974683545,0.47508734
Atelectasis,0.9248266296809986,0.9443037974683545,0.47480533
Atelectasis,0.9248266296809986,0.9468354430379747,0.47451076
Atelectasis,0.9276005547850208,0.9468354430379747,0.4740623
Atelectasis,0.9276005547850208,0.9493670886075949,0.4740437
Atelectasis,0.9292649098474342,0.9493670886075949,0.47368956
Atelectasis,0.9292649098474342,0.9518987341772152,0.4736617
Atelectasis,0.9428571428571428,0.9518987341772152,0.47028095
Atelectasis,0.9428571428571428,0.9544303797468354,0.4702058
Atelectasis,0.9484049930651872,0.9544303797468354,0.4691505
Atelectasis,0.9484049930651872,0.9569620253164557,0.4691377
Atelectasis,0.9520110957004161,0.9569620253164557,0.46837094
Atelectasis,0.9520110957004161,0.959493670886076,0.468271
Atelectasis,0.9522884882108184,0.959493670886076,0.46815848
Atelectasis,0.9522884882108184,0.9620253164556962,0.4681509
Atelectasis,0.9531206657420249,0.9620253164556962,0.4678553
Atelectasis,0.9531206657420249,0.9645569620253165,0.46782857
Atelectasis,0.9578363384188627,0.9645569620253165,0.46658456
Atelectasis,0.9578363384188627,0.9670886075949368,0.466542
Atelectasis,0.9581137309292649,0.9670886075949368,0.46634266
Atelectasis,0.9581137309292649,0.9696202531645569,0.46630472
Atelectasis,0.9589459084604716,0.9696202531645569,0.46611685
Atelectasis,0.9589459084604716,0.9721518987341772,0.4659364
Atelectasis,0.9606102635228849,0.9721518987341772,0.465197
Atelectasis,0.9606102635228849,0.9746835443037974,0.46519384
Atelectasis,0.9644937586685159,0.9746835443037974,0.4640077
Atelectasis,0.9644937586685159,0.9772151898734177,0.46398288
Atelectasis,0.9653259361997226,0.9772151898734177,0.46389624
Atelectasis,0.9653259361997226,0.979746835443038,0.46385065
Atelectasis,0.965880721220527,0.979746835443038,0.46381652
Atelectasis,0.965880721220527,0.9822784810126582,0.4638003
Atelectasis,0.9730929264909848,0.9822784810126582,0.4614532
Atelectasis,0.9730929264909848,0.9848101265822785,0.4614373
Atelectasis,0.9783633841886269,0.9848101265822785,0.45845142
Atelectasis,0.9783633841886269,0.9873417721518988,0.45844907
Atelectasis,0.982246879334258,0.9873417721518988,0.45717636
Atelectasis,0.982246879334258,0.9924050632911392,0.45683932
Atelectasis,0.9855755894590846,0.9924050632911392,0.45492363
Atelectasis,0.9855755894590846,0.9949367088607595,0.4548436
Atelectasis,0.9875173370319001,0.9949367088607595,0.45403263
Atelectasis,0.9875173370319001,0.9974683544303797,0.4539728
Atelectasis,0.9897364771151179,0.9974683544303797,0.45155922
Atelectasis,0.9897364771151179,1.0,0.4513675
Atelectasis,1.0,1.0,0.38626155
Cardiomegaly,0.0,0.0,1.5512328
Cardiomegaly,0.0002550369803621525,0.0,0.5512329
Cardiomegaly,0.0066309614894159655,0.0,0.50162035
Cardiomegaly,0.0066309614894159655,0.012658227848101266,0.5016138
Cardiomegaly,0.007906146391226727,0.012658227848101266,0.50158894
Cardiomegaly,0.007906146391226727,0.02531645569620253,0.5015601
Cardiomegaly,0.011221627135934711,0.02531645569620253,0.5013317
Cardiomegaly,0.011731701096659015,0.02531645569620253,0.5013269
Cardiomegaly,0.023973476154042335,0.02531645569620253,0.50064796
Cardiomegaly,0.023973476154042335,0.0379746835443038,0.50061274
Cardiomegaly,0.03825554705432287,0.0379746835443038,0.5001414
Cardiomegaly,0.03825554705432287,0.05063291139240506,0.5001322
Cardiomegaly,0.05432287681713849,0.05063291139240506,0.49975193
Cardiomegaly,0.05432287681713849,0.06329113924050633,0.4997474
Cardiomegaly,0.0660545779137975,0.06329113924050633,0.49940753
Cardiomegaly,0.0660545779137975,0.0759493670886076,0.49939135
Cardiomegaly,0.06834991073705687,0.0759493670886076,0.49935186
Cardiomegaly,0.06834991073705687,0.08860759493670886,0.49934974
Cardiomegaly,0.07268553940321347,0.08860759493670886,0.4992815
Cardiomegaly,0.07268553940321347,0.10126582278481013,0.49927518
Cardiomegaly,0.07804131599081866,0.10126582278481013,0.4991295
Cardiomegaly,0.7337413925019127,0.810126582278481,0.49912584
Cardiomegaly,0.7500637592450905,0.810126582278481,0.49571627
Cardiomegaly,0.7500637592450905,0.8227848101265823,0.49567726
Cardiomegaly,0.8020913032389696,0.8227848101265823,0.47808796
Cardiomegaly,0.8020913032389696,0.8354430379746836,0.47793826
Cardiomegaly,0.8168834480999745,0.8354430379746836,0.47305343
Cardiomegaly,0.8168834480999745,0.8481012658227848,0.47295266
Cardiomegaly,0.8219841877072176,0.8481012658227848,0.47111925
Cardiomegaly,0.8219841877072176,0.8607594936708861,0.47095394
Cardiomegaly,0.8293802601377199,0.8607594936708861,0.46786016
Cardiomegaly,0.8293802601377199,0.8860759493670886,0.4676431
Cardiomegaly,0.8304004080591686,0.8860759493670886,0.46716818
Cardiomegaly,0.8304004080591686,0.8987341772151899,0.46712905
Cardiomegaly,0.8487630706452436,0.8987341772151899,0.45982683
Cardiomegaly,0.8487630706452436,0.9113924050632911,0.45978826
Cardiomegaly,0.8548839581739353,0.9113924050632911,0.4567678
Cardiomegaly,0.8548839581739353,0.9240506329113924,0.45674738
Cardiomegaly,0.9041060953838307,0.9240506329113924,0.43031666
Cardiomegaly,0.9041060953838307,0.9367088607594937,0.43025795
Cardiomegaly,0.9239989798520786,0.9367088607594937,0.41680595
Cardiomegaly,0.9239989798520786,0.9493670886075949,0.4168018
Cardiomegaly,0.9535832695740882,0.9493670886075949,0.39270535
Cardiomegaly,0.9535832695740882,0.9620253164556962,0.39236015
Cardiomegaly,0.9538383065544503,0.9620253164556962,0.39216492
Cardiomegaly,0.9538383065544503,0.9746835443037974,0.39197183
Cardiomegaly,0.976536597806682,0.9746835443037974,0.36482993
Cardiomegaly,0.976536597806682,0.9873417721518988,0.36469463
Cardiomegaly,0.9864830400408059,0.9873417721518988,0.34832668
Cardiomegaly,0.9864830400408059,1.0,0.34726515
Cardiomegaly,1.0,1.0,0.14156088
Consolidation,0.0,0.0,1.5058347
Consolidation,0.0002575328354365182,0.0,0.5058347
Consolidation,0.0038629925315477724,0.0,0.5055504
Consolidation,0.0038629925315477724,0.008547008547008548,0.5055453
Consolidation,0.007983517898532062,0.008547008547008548,0.5053193
Consolidation,0.007983517898532062,0.017094017094017096,0.50531363
Consolidation,0.010043780582024209,0.017094017094017096,0.5052521
Consolidation,0.010558846252897245,0.017094017094017096,0.5052484
Consolidation,0.014679371619881535,0.017094017094017096,0.50505966
Consolidation,0.014679371619881535,0.02564102564102564,0.5050522
Consolidation,0.015709502961627608,0.02564102564102564,0.5050171
Consolidation,0.015709502961627608,0.03418803418803419,0.5050075
Consolidation,0.02523821787277878,0.03418803418803419,0.5046388
Consolidation,0.02523821787277878,0.042735042735042736,0.50460416
Consolidation,0.02781354622714396,0.042735042735042736,0.5045257
Consolidation,0.02781354622714396,0.05128205128205128,0.504517
Consolidation,0.02910121040432655,0.05128205128205128,0.50448084
Consolidation,0.02910121040432655,0.05982905982905983,0.5044807
Consolidation,0.03090394025238218,0.05982905982905983,0.50446415
Consolidation,0.03090394025238218,0.06837606837606838,0.5044535
Consolidation,0.03193407159412825,0.06837606837606838,0.50442934
Consolidation,0.03193407159412825,0.07692307692307693,0.50442135
Consolidation,0.03502446561936647,0.07692307692307693,0.5043295
Consolidation,0.035539531290239505,0.07692307692307693,0.5043286
Consolidation,0.03785732680916817,0.07692307692307693,0.50427514
Consolidation,0.03785732680916817,0.08547008547008547,0.5042624
Consolidation,0.040947720834406384,0.08547008547008547,0.50423664
Consolidation,0.040947720834406384,0.09401709401709402,0.50423527
Consolidation,0.04223538501158898,0.09401709401709402,0.5042237
Consolidation,0.04223538501158898,0.10256410256410256,0.50421834
Consolidation,0.04918877156837497,0.10256410256410256,0.5040849
Consolidation,0.04918877156837497,0.1111111111111111,0.50407416
Consolidation,0.052021632758176665,0.1111111111111111,0.5040173
Consolidation,0.052021632758176665,0.1282051282051282,0.5039979
Consolidation,0.058459953644089624,0.1282051282051282,0.5038403
Consolidation,0.058459953644089624,0.13675213675213677,0.5038262
Consolidation,0.06000515065670873,0.13675213675213677,0.50379896
Consolidation,0.06000515065670873,0.1452991452991453,0.5037972
Consolidation,0.06876126706155035,0.1452991452991453,0.5036621
Consolidation,0.06876126706155035,0.15384615384615385,0.50366
Consolidation,0.07159412825135204,0.15384615384615385,0.5036097
Consolidation,0.07159412825135204,0.1623931623931624,0.50360817
Consolidation,0.0723667267576616,0.1623931623931624,0.5036046
Consolidation,0.0723667267576616,0.17094017094017094,0.50359964
Consolidation,0.07416945660571723,0.17094017094017094,0.5035408
Consolidation,0.7295905227916559,0.8717948717948718,0.50353795
Consolidation,0.7355137780066958,0.8717948717948718,0.5022073
Consolidation,0.7355137780066958,0.8803418803418803,0.5021236
Consolidation,0.7357713108421323,0.8803418803418803,0.5021061
Consolidation,0.7357713108421323,0.8888888888888888,0.5020419
Consolidation,0.7460726242595931,0.8888888888888888,0.49957722
Consolidation,0.7460726242595931,0.905982905982906,0.49941716
Consolidation,0.7532835436518156,0.905982905982906,0.49702236
Consolidation,0.7532835436518156,0.9145299145299145,0.4969179
Consolidation,0.7713108421323719,0.9145299145299145,0.49025276
Consolidation,0.7713108421323719,0.9230769230769231,0.49018794
Consolidation,0.7805820242080865,0.9230769230769231,0.48734722
Consolidation,0.7805820242080865,0.9316239316239316,0.4873206
Consolidation,0.8264228689157868,0.9316239316239316,0.4683743
Consolidation,0.8264228689157868,0.9401709401709402,0.46828708
Consolidation,0.8408447077002318,0.9401709401709402,0.46285123
Consolidation,0.8408447077002318,0.9487179487179487,0.46282947
Consolidation,0.8418748390419779,0.9487179487179487,0.4621969
Consolidation,0.8418748390419779,0.9572649572649573,0.4620563
Consolidation,0.8696883852691218,0.9572649572649573,0.4454034
Consolidation,0.8696883852691218,0.9658119658119658,0.44539487
Consolidation,0.9013649240278135,0.9658119658119658,0.4278787
Consolidation,0.9013649240278135,0.9743589743589743,0.4277785
Consolidation,0.9384496523306721,0.9743589743589743,0.39833143
Consolidation,0.9384496523306721,0.9829059829059829,0.39819068
Consolidation,0.9546742209631728,0.9829059829059829,0.38271028
Consolidation,0.9546742209631728,0.9914529914529915,0.38250002
Consolidation,0.9631728045325779,0.9914529914529915,0.37148026
Consolidation,0.9631728045325779,1.0,0.3714071
Consolidation,1.0,1.0,0.13432552
Edema,0.0,0.0,1.5076408
Edema,0.000253613999492772,0.0,0.5076408
Edema,0.010398173979203652,0.0,0.50679064
Edema,0.010905401978189197,0.0,0.5067852
Edema,0.016738523966522954,0.0,0.5064212
Edema,0.016738523966522954,0.017543859649122806,0.5064167
Edema,0.021303575957392847,0.017543859649122806,0.50613856
Edema,0.021303575957392847,0.03508771929824561,0.5061084
Edema,0.0362668019274664,0.03508771929824561,0.5054441
Edema,0.03677402992645194,0.03508771929824561,0.5054428
Edema,0.05021557189956886,0.03508771929824561,0.5051013
Edema,0.05021557189956886,0.05263157894736842,0.5050994
Edema,0.060106517879786964,0.05263157894736842,0.5047313
Edema,0.060106517879786964,0.07017543859649122,0.50473124
Edema,0.0770986558458027,0.07017543859649122,0.5042931
Edema,0.7316763885366472,0.8771929824561403,0.5042889
Edema,0.7522191224955618,0.8771929824561403,0.4884481
Edema,0.7522191224955618,0.9122807017543859,0.48752564
Edema,0.7709865584580269,0.9122807017543859,0.4670851
Edema,0.7709865584580269,0.9298245614035088,0.46699965
Edema,0.77859497844281,0.9298245614035088,0.45791435
Edema,0.77859497844281,0.9473684210526315,0.4578161
Edema,0.7834136444331727,0.9473684210526315,0.45335373
Edema,0.7834136444331727,0.9649122807017544,0.45290053
Edema,0.80877504438245,0.9649122807017544,0.4195264
Edema,0.80877504438245,0.9824561403508771,0.41910234
Edema,0.8384478823231042,0.9824561403508771,0.38407758
Edema,0.8384478823231042,1.0,0.3837741
Edema,1.0,1.0,0.0329039
Effusion,0.0,0.0,1.5020003
Effusion,0.00027932960893854746,0.0,0.5020003
Effusion,0.6505586592178771,0.7119047619047619,0.5004562
Effusion,0.6536312849162011,0.7119047619047619,0.50034565
Effusion,0.6536312849162011,0.7142857142857143,0.5003454
Effusion,0.6550279329608939,0.7142857142857143,0.5003322
Effusion,0.6550279329608939,0.7166666666666667,0.5003315
Effusion,0.6575418994413408,0.7166666666666667,0.5002554
Effusion,0.6575418994413408,0.7214285714285714,0.50025016
Effusion,0.6594972067039107,0.7214285714285714,0.50022876
Effusion,0.6594972067039107,0.7238095238095238,0.50022155
Effusion,0.6625698324022347,0.7238095238095238,0.5001279
Effusion,0.6625698324022347,0.7285714285714285,0.5001191
Effusion,0.6692737430167598,0.7285714285714285,0.49995327
Effusion,0.6692737430167598,0.7309523809523809,0.49995315
Effusion,0.6720670391061453,0.7309523809523809,0.49983305
Effusion,0.6720670391061453,0.7333333333333333,0.49983191
Effusion,0.6723463687150838,0.7333333333333333,0.49983132
Effusion,0.6723463687150838,0.7357142857142858,0.4998194
Effusion,0.6729050279329609,0.7357142857142858,0.49980685
Effusion,0.6729050279329609,0.7380952380952381,0.499804
Effusion,0.6751396648044693,0.7380952380952381,0.499713
Effusion,0.6751396648044693,0.7404761904761905,0.49969286
Effusion,0.6754189944134078,0.7404761904761905,0.49968633
Effusion,0.6754189944134078,0.7428571428571429,0.49967143
Effusion,0.6759776536312849,0.7428571428571429,0.49965537
Effusion,0.6759776536312849,0.7452380952380953,0.49965465
Effusion,0.6779329608938548,0.7452380952380953,0.49961263
Effusion,0.6779329608938548,0.7476190476190476,0.4995893
Effusion,0.6798882681564246,0.7476190476190476,0.4995168
Effusion,0.6798882681564246,0.7523809523809524,0.4995052
Effusion,0.6804469273743017,0.7523809523809524,0.49949458
Effusion,0.6804469273743017,0.7595238095238095,0.49948436
Effusion,0.6821229050279329,0.7595238095238095,0.49943346
Effusion,0.6821229050279329,0.7619047619047619,0.49941334
Effusion,0.6832402234636872,0.7619047619047619,0.4993703
Effusion,0.6832402234636872,0.7642857142857142,0.49936733
Effusion,0.6835195530726257,0.7642857142857142,0.49936032
Effusion,0.6835195530726257,0.7666666666666667,0.49935973
Effusion,0.6863128491620112,0.7666666666666667,0.49930918
Effusion,0.6863128491620112,0.7738095238095238,0.4992967
Effusion,0.6921787709497207,0.7738095238095238,0.4991591
Effusion,0.6921787709497207,0.7761904761904762,0.49915844
Effusion,0.6924581005586592,0.7761904761904762,0.49914655
Effusion,0.6927374301675978,0.7785714285714286,0.49914423
Effusion,0.6946927374301676,0.7785714285714286,0.49909234
Effusion,0.6946927374301676,0.780952380952381,0.49908218
Effusion,0.6960893854748603,0.780952380952381,0.49899244
Effusion,0.6960893854748603,0.7857142857142857,0.4989788
Effusion,0.696927374301676,0.7857142857142857,0.49895442
Effusion,0.696927374301676,0.7904761904761904,0.4989369
Effusion,0.7022346368715083,0.7904761904761904,0.49881503
Effusion,0.7022346368715083,0.7928571428571428,0.4988034
Effusion,0.7030726256983241,0.7928571428571428,0.4987506
Effusion,0.7030726256983241,0.7952380952380952,0.49874777
Effusion,0.7083798882681565,0.7952380952380952,0.49855462
Effusion,0.7083798882681565,0.7976190476190477,0.49853873
Effusion,0.7092178770949721,0.7976190476190477,0.4984699
Effusion,0.7092178770949721,0.8,0.4984654
Effusion,0.7097765363128492,0.8,0.49843422
Effusion,0.7097765363128492,0.8023809523809524,0.4984309
Effusion,0.7122905027932961,0.8023809523809524,0.4982677
Effusion,0.7122905027932961,0.8071428571428572,0.49820948
Effusion,0.7125698324022346,0.8071428571428572,0.4982019
Effusion,0.7125698324022346,0.8095238095238095,0.49818665
Effusion,0.7217877094972067,0.8095238095238095,0.4978072
Effusion,0.7217877094972067,0.8119047619047619,0.4977847
Effusion,0.7229050279329609,0.8119047619047619,0.49765643
Effusion,0.7229050279329609,0.8142857142857143,0.49764958
Effusion,0.723463687150838,0.8142857142857143,0.49761775
Effusion,0.7248603351955307,0.8142857142857143,0.4975831
Effusion,0.7248603351955307,0.8166666666666667,0.4975631
Effusion,0.7254189944134078,0.8166666666666667,0.4975354
Effusion,0.7254189944134078,0.819047619047619,0.49752024
Effusion,0.7268156424581006,0.819047619047619,0.49748713
Effusion,0.7268156424581006,0.8214285714285714,0.49743798
Effusion,0.7276536312849162,0.8214285714285714,0.49735817
Effusion,0.7276536312849162,0.8238095238095238,0.49731702
Effusion,0.7282122905027933,0.8238095238095238,0.49727985
Effusion,0.7282122905027933,0.8261904761904761,0.49727964
Effusion,0.7287709497206704,0.8261904761904761,0.49727285
Effusion,0.7287709497206704,0.8285714285714286,0.49726042
Effusion,0.7312849162011174,0.8285714285714286,0.4971383
Effusion,0.7312849162011174,0.8333333333333334,0.4971251
Effusion,0.732122905027933,0.8333333333333334,0.49711123
Effusion,0.732122905027933,0.8357142857142857,0.49709898
Effusion,0.7324022346368715,0.8357142857142857,0.49707237
Effusion,0.7324022346368715,0.8380952380952381,0.49706513
Effusion,0.7329608938547486,0.8380952380952381,0.4970558
Effusion,0.7329608938547486,0.8404761904761905,0.49704027
Effusion,0.7337988826815642,0.8404761904761905,0.4969729
Effusion,0.7337988826815642,0.8428571428571429,0.49690688
Effusion,0.7349162011173185,0.8428571428571429,0.49665758
Effusion,0.7349162011173185,0.8452380952380952,0.49664488
Effusion,0.735195530726257,0.8452380952380952,0.4965847
Effusion,0.735195530726257,0.8476190476190476,0.49657902
Effusion,0.7379888268156425,0.8476190476190476,0.49548298
Effusion,0.7379888268156425,0.85,0.4954261
Effusion,0.7396648044692737,0.85,0.49498543
Effusion,0.7396648044692737,0.8523809523809524,0.4949752
Effusion,0.7435754189944134,0.8523809523809524,0.4937375
Effusion,0.7435754189944134,0.8547619047619047,0.49354008
Effusion,0.7460893854748604,0.8547619047619047,0.4925417
Effusion,0.7460893854748604,0.8571428571428571,0.49242774
Effusion,0.7497206703910615,0.8571428571428571,0.49066883
Effusion,0.7497206703910615,0.861904761904762,0.49029753
Effusion,0.7525139664804469,0.861904761904762,0.48922625
Effusion,0.7525139664804469,0.8642857142857143,0.48921046
Effusion,0.7550279329608939,0.8642857142857143,0.48768154
Effusion,0.7550279329608939,0.8666666666666667,0.48741937
Effusion,0.756145251396648,0.8666666666666667,0.48716846
Effusion,0.756145251396648,0.8690476190476191,0.48707414
Effusion,0.758659217877095,0.8690476190476191,0.48604783
Effusion,0.758659217877095,0.8714285714285714,0.48593983
Effusion,0.764804469273743,0.8714285714285714,0.48359048
Effusion,0.764804469273743,0.8738095238095238,0.48355067
Effusion,0.767877094972067,0.8738095238095238,0.48198968
Effusion,0.767877094972067,0.8761904761904762,0.48197582
Effusion,0.770949720670391,0.8761904761904762,0.48087183
Effusion,0.770949720670391,0.8809523809523809,0.4807138
Effusion,0.7731843575418994,0.8809523809523809,0.47980767
Effusion,0.7731843575418994,0.8833333333333333,0.47975928
Effusion,0.7754189944134078,0.8833333333333333,0.47896996
Effusion,0.7754189944134078,0.8857142857142857,0.47893468
Effusion,0.7793296089385475,0.8857142857142857,0.4775743
Effusion,0.7793296089385475,0.888095238095238,0.47752908
Effusion,0.7815642458100559,0.888095238095238,0.47608
Effusion,0.7815642458100559,0.8904761904761904,0.47582802
Effusion,0.7874301675977654,0.8904761904761904,0.47309873
Effusion,0.7874301675977654,0.8928571428571429,0.472878
Effusion,0.7899441340782123,0.8928571428571429,0.47146496
Effusion,0.7899441340782123,0.8952380952380953,0.4714438
Effusion,0.7958100558659218,0.8952380952380953,0.4672396
Effusion,0.7958100558659218,0.8976190476190476,0.46719527
Effusion,0.8039106145251397,0.8976190476190476,0.46382955
Effusion,0.8039106145251397,0.9,0.46363842
Effusion,0.8131284916201117,0.9,0.45992213
Effusion,0.8131284916201117,0.9023809523809524,0.45979333
Effusion,0.8195530726256983,0.9023809523809524,0.45637468
Effusion,0.8195530726256983,0.9047619047619048,0.4561734
Effusion,0.8273743016759777,0.9047619047619048,0.45220408
Effusion,0.8273743016759777,0.9071428571428571,0.45207968
Effusion,0.8284916201117318,0.9071428571428571,0.45099214
Effusion,0.8284916201117318,0.9119047619047619,0.45078942
Effusion,0.8326815642458101,0.9119047619047619,0.4492479
Effusion,0.8326815642458101,0.9142857142857143,0.4489062
Effusion,0.8405027932960893,0.9142857142857143,0.44526258
Effusion,0.8405027932960893,0.9166666666666666,0.44519764
Effusion,0.8463687150837989,0.9166666666666666,0.4400885
Effusion,0.8463687150837989,0.919047619047619,0.43975323
Effusion,0.8466480446927375,0.919047619047619,0.4395888
Effusion,0.8466480446927375,0.9214285714285714,0.43955705
Effusion,0.8550279329608939,0.9214285714285714,0.43510598
Effusion,0.8550279329608939,0.9238095238095239,0.43476143
Effusion,0.8639664804469274,0.9238095238095239,0.4275868
Effusion,0.8639664804469274,0.9261904761904762,0.42740414
Effusion,0.8681564245810056,0.9261904761904762,0.42458835
Effusion,0.8681564245810056,0.9285714285714286,0.42427596
Effusion,0.8717877094972067,0.9285714285714286,0.42187726
Effusion,0.8717877094972067,0.930952380952381,0.42179728
Effusion,0.8824022346368715,0.930952380952381,0.41371664
Effusion,0.8824022346368715,0.9333333333333333,0.41303778
Effusion,0.8905027932960894,0.9333333333333333,0.40772486
Effusion,0.8905027932960894,0.9357142857142857,0.40766495
Effusion,0.8963687150837989,0.9357142857142857,0.4038526
Effusion,0.8963687150837989,0.9380952380952381,0.40382075
Effusion,0.9013966480446928,0.9380952380952381,0.4005456
Effusion,0.9013966480446928,0.9404761904761905,0.4005168
Effusion,0.9053072625698324,0.9404761904761905,0.39747784
Effusion,0.9053072625698324,0.9428571428571428,0.39735502
Effusion,0.906145251396648,0.9428571428571428,0.3967183
Effusion,0.906145251396648,0.9452380952380952,0.39646247
Effusion,0.9075418994413408,0.9452380952380952,0.39379144
Effusion,0.9075418994413408,0.9476190476190476,0.39355677
Effusion,0.9251396648044693,0.9476190476190476,0.37981996
Effusion,0.9251396648044693,0.95,0.37974727
Effusion,0.9256983240223464,0.95,0.37931043
Effusion,0.9256983240223464,0.9547619047619048,0.37769178
Effusion,0.9354748603351956,0.9547619047619048,0.3688554
Effusion,0.9354748603351956,0.9571428571428572,0.36872187
Effusion,0.9391061452513967,0.9571428571428572,0.36255094
Effusion,0.9391061452513967,0.9595238095238096,0.36250713
Effusion,0.9407821229050279,0.9595238095238096,0.36108404
Effusion,0.9407821229050279,0.9619047619047619,0.361028
Effusion,0.9458100558659218,0.9619047619047619,0.35485366
Effusion,0.9458100558659218,0.9642857142857143,0.35420734
Effusion,0.9488826815642458,0.9642857142857143,0.35149047
Effusion,0.9488826815642458,0.9666666666666667,0.3514291
Effusion,0.952513966480447,0.9666666666666667,0.3477466
Effusion,0.952513966480447,0.969047619047619,0.34726775
Effusion,0.9622905027932961,0.969047619047619,0.33438262
Effusion,0.9622905027932961,0.9738095238095238,0.3333815
Effusion,0.9664804469273743,0.9738095238095238,0.32713294
Effusion,0.9664804469273743,0.9761904761904762,0.32701734
Effusion,0.96731843575419,0.9761904761904762,0.32661453
Effusion,0.96731843575419,0.9785714285714285,0.32640216
Effusion,0.9678770949720671,0.9785714285714285,0.32624346
Effusion,0.9678770949720671,0.9809523809523809,0.3261682
Effusion,0.9737430167597766,0.9809523809523809,0.31653538
Effusion,0.9737430167597766,0.9833333333333333,0.31631055
Effusion,0.975977653631285,0.9833333333333333,0.3096377
Effusion,0.975977653631285,0.9857142857142858,0.30945566
Effusion,0.9810055865921787,0.9857142857142858,0.29802418
Effusion,0.9810055865921787,0.9880952380952381,0.29756454
Effusion,0.985195530726257,0.9880952380952381,0.29218766
Effusion,0.985195530726257,0.9904761904761905,0.2916816
Effusion,0.9863128491620111,0.9904761904761905,0.2884754
Effusion,0.9863128491620111,0.9952380952380953,0.2862692
Effusion,0.9885474860335196,0.9952380952380953,0.28242278
Effusion,0.9885474860335196,0.9976190476190476,0.28216544
Effusion,0.993854748603352,0.9976190476190476,0.2607324
Effusion,0.993854748603352,1.0,0.25868118
Effusion,1.0,1.0,0.19166575
Emphysema,0.0,0.0,1.5027956
Emphysema,0.0002538715410002539,0.0,0.5027956
Emphysema,0.0010154861640010156,0.0,0.5027505
Emphysema,0.0010154861640010156,0.01639344262295082,0.502745
Emphysema,0.0030464584920030465,0.01639344262295082,0.50273144
Emphysema,0.003554201574003554,0.01639344262295082,0.5027307
Emphysema,0.010154861640010155,0.01639344262295082,0.50266266
Emphysema,0.010662604722010662,0.01639344262295082,0.5026618
Emphysema,0.021832952526021833,0.01639344262295082,0.50255
Emphysema,0.021832952526021833,0.03278688524590164,0.5025472
Emphysema,0.02944909875602945,0.03278688524590164,0.50248766
Emphysema,0.029956841838029956,0.03278688524590164,0.50248665
Emphysema,0.030972328002030973,0.03278688524590164,0.50248474
Emphysema,0.030972328002030973,0.04918032786885246,0.502484
Emphysema,0.03427265803503427,0.04918032786885246,0.5024607
Emphysema,0.03427265803503427,0.06557377049180328,0.5024604
Emphysema,0.0357958872810358,0.06557377049180328,0.50245214
Emphysema,0.036303630363036306,0.06557377049180328,0.5024519
Emphysema,0.037319116527037316,0.06557377049180328,0.5024493
Emphysema,0.037826859609037825,0.06557377049180328,0.50244784
Emphysema,0.05965981213505966,0.06557377049180328,0.5023419
Emphysema,0.060167555217060166,0.06557377049180328,0.5023407
Emphysema,0.07438436151307438,0.06557377049180328,0.50228757
Emphysema,0.07438436151307438,0.08196721311475409,0.502287
Emphysema,0.07692307692307693,0.08196721311475409,0.5022722
Emphysema,0.7321655242447321,0.8360655737704918,0.50227153
Emphysema,0.7692307692307693,0.8360655737704918,0.49427658
Emphysema,0.7692307692307693,0.8524590163934426,0.49421957
Emphysema,0.7717694846407718,0.8524590163934426,0.49362093
Emphysema,0.7717694846407718,0.8688524590163934,0.49355978
Emphysema,0.8139121604468139,0.8688524590163934,0.48213285
Emphysema,0.8139121604468139,0.8852459016393442,0.48213235
Emphysema,0.8639248540238639,0.8852459016393442,0.4645374
Emphysema,0.8639248540238639,0.9016393442622951,0.46445233
Emphysema,0.9111449606499111,0.9016393442622951,0.44411513
Emphysema,0.9111449606499111,0.9180327868852459,0.44393697
Emphysema,0.9418634171109419,0.9180327868852459,0.42596266
Emphysema,0.9418634171109419,0.9344262295081968,0.4254889
Emphysema,0.9583650672759584,0.9344262295081968,0.41488034
Emphysema,0.9583650672759584,0.9508196721311475,0.4143413
Emphysema,0.9657273419649657,0.9508196721311475,0.4077724
Emphysema,0.9657273419649657,0.9672131147540983,0.4077404
Emphysema,0.9741051028179741,0.9672131147540983,0.3985509
Emphysema,0.9741051028179741,0.9836065573770492,0.39800048
Emphysema,0.9766438182279766,0.9836065573770492,0.39578414
Emphysema,0.9766438182279766,1.0,0.39578032
Emphysema,1.0,1.0,0.07946983
Fibrosis,0.0,0.0,1.5032287
Fibrosis,0.0002535496957403651,0.0,0.5032287
Fibrosis,0.0010141987829614604,0.0,0.5018143
Fibrosis,0.657707910750507,0.6607142857142857,0.5015837
Fibrosis,0.6769776876267748,0.6607142857142857,0.5014456
Fibrosis,0.6774847870182555,0.6607142857142857,0.5014453
Fibrosis,0.6835699797160243,0.6607142857142857,0.5013882
Fibrosis,0.6835699797160243,0.6785714285714286,0.50138694
Fibrosis,0.6881338742393509,0.6785714285714286,0.50133884
Fibrosis,0.6886409736308317,0.6785714285714286,0.50133395
Fibrosis,0.7010649087221096,0.6785714285714286,0.501255
Fibrosis,0.7013184584178499,0.6964285714285714,0.5012537
Fibrosis,0.7046146044624746,0.6964285714285714,0.50122327
Fibrosis,0.7051217038539553,0.6964285714285714,0.5012226
Fibrosis,0.7383367139959433,0.6964285714285714,0.5008058
Fibrosis,0.7388438133874239,0.6964285714285714,0.5008025
Fibrosis,0.7390973630831643,0.6964285714285714,0.50080085
Fibrosis,0.7390973630831643,0.7142857142857143,0.50079393
Fibrosis,0.7439148073022313,0.7142857142857143,0.5007131
Fibrosis,0.744421906693712,0.7142857142857143,0.5007095
Fibrosis,0.77079107505071,0.7142857142857143,0.4990598
Fibrosis,0.77079107505071,0.7321428571428571,0.49901965
Fibrosis,0.7854969574036511,0.7321428571428571,0.49795347
Fibrosis,0.7854969574036511,0.75,0.497949
Fibrosis,0.7920892494929006,0.75,0.49741668
Fibrosis,0.7920892494929006,0.7678571428571429,0.4973768
Fibrosis,0.8128803245436106,0.7678571428571429,0.49534827
Fibrosis,0.8128803245436106,0.7857142857142857,0.49531803
Fibrosis,0.8326572008113591,0.7857142857142857,0.493543
Fibrosis,0.8326572008113591,0.8035714285714286,0.49352637
Fibrosis,0.8757606490872211,0.8035714285714286,0.48826152
Fibrosis,0.8762677484787018,0.8035714285714286,0.48820332
Fibrosis,0.8808316430020284,0.8035714285714286,0.4874913
Fibrosis,0.8808316430020284,0.8214285714285714,0.487459
Fibrosis,0.8874239350912779,0.8214285714285714,0.4865871
Fibrosis,0.8874239350912779,0.8392857142857143,0.48658565
Fibrosis,0.890973630831643,0.8392857142857143,0.48621753
Fibrosis,0.890973630831643,0.8571428571428571,0.4861854
Fibrosis,0.8990872210953347,0.8571428571428571,0.48505068
Fibrosis,0.8990872210953347,0.875,0.48504508
Fibrosis,0.9231744421906694,0.875,0.48113766
Fibrosis,0.9231744421906694,0.8928571428571429,0.48109978
Fibrosis,0.9505578093306288,0.8928571428571429,0.47546586
Fibrosis,0.9505578093306288,0.9107142857142857,0.47536165
Fibrosis,0.9528397565922921,0.9107142857142857,0.4748543
Fibrosis,0.9528397565922921,0.9285714285714286,0.47475415
Fibrosis,0.954107505070994,0.9285714285714286,0.47448403
Fibrosis,0.954107505070994,0.9464285714285714,0.4744603
Fibrosis,0.9594320486815415,0.9464285714285714,0.47313684
Fibrosis,0.9594320486815415,0.9642857142857143,0.47310305
Fibrosis,0.9936612576064908,0.9642857142857143,0.457112
Fibrosis,0.9936612576064908,0.9821428571428571,0.45706436
Fibrosis,0.9946754563894523,0.9821428571428571,0.45659605
Fibrosis,0.9946754563894523,1.0,0.45573598
Fibrosis,1.0,1.0,0.3646069
Hernia,0.0,0.0,1.5064281
Hernia,0.00025043826696719256,0.0,0.5064281
Hernia,0.010267968945654895,0.0,0.50613195
Hernia,0.01076884547958928,0.0,0.50613004
Hernia,0.035311795642374154,0.0,0.505675
Hernia,0.035311795642374154,0.14285714285714285,0.5056733
Hernia,0.03606311044327573,0.14285714285714285,0.5056628
Hernia,0.03656398697721012,0.14285714285714285,0.5056623
Hernia,0.037565740045078885,0.14285714285714285,0.5056565
Hernia,0.03806661657901327,0.14285714285714285,0.50565326
Hernia,0.03931880791384924,0.14285714285714285,0.50562835
Hernia,0.039819684447783624,0.14285714285714285,0.5056277
Hernia,0.07688454795892813,0.14285714285714285,0.50526184
Hernia,0.7342849987478086,0.42857142857142855,0.50526035
Hernia,0.8201853243175558,0.42857142857142855,0.43026385
Hernia,0.8201853243175558,0.5714285714285714,0.4300363
Hernia,0.8514901076884548,0.5714285714285714,0.39423448
Hernia,0.8514901076884548,0.7142857142857143,0.39368483
Hernia,0.8562484347608315,0.7142857142857143,0.390102
Hernia,0.8562484347608315,0.8571428571428571,0.38926694
Hernia,0.9248685199098422,0.8571428571428571,0.2906652
Hernia,0.9248685199098422,1.0,0.29051092
Hernia,1.0,1.0,0.06463502
Infiltration,0.0,0.0,1.536823
Infiltration,0.0002965599051008304,0.0,0.53682303
Infiltration,0.0017793594306049821,0.0,0.50164264
Infiltration,0.6524317912218268,0.6894904458598726,0.49981138
Infiltration,0.6536180308422301,0.6894904458598726,0.4998046
Infiltration,0.6536180308422301,0.6910828025477707,0.49980268
Infiltration,0.6545077105575327,0.6910828025477707,0.49979958
Infiltration,0.6545077105575327,0.6942675159235668,0.49979863
Infiltration,0.6577698695136418,0.6942675159235668,0.499791
Infiltration,0.6577698695136418,0.695859872611465,0.4997898
Infiltration,0.6598457888493475,0.695859872611465,0.49978647
Infiltration,0.6598457888493475,0.697452229299363,0.49978635
Infiltration,0.6619217081850534,0.697452229299363,0.4997823
Infiltration,0.6619217081850534,0.6990445859872612,0.4997814
Infiltration,0.6634045077105575,0.6990445859872612,0.4997748
Infiltration,0.6634045077105575,0.7006369426751592,0.4997741
Infiltration,0.6645907473309609,0.7006369426751592,0.49977195
Infiltration,0.6645907473309609,0.7022292993630573,0.4997719
Infiltration,0.6651838671411625,0.7022292993630573,0.4997698
Infiltration,0.6651838671411625,0.7054140127388535,0.4997692
Infiltration,0.6657769869513642,0.7054140127388535,0.4997686
Infiltration,0.6657769869513642,0.7070063694267515,0.49976623
Infiltration,0.66785290628707,0.7070063694267515,0.4997602
Infiltration,0.66785290628707,0.7085987261146497,0.49975878
Infiltration,0.6681494661921709,0.7085987261146497,0.49975824
Infiltration,0.6681494661921709,0.7101910828025477,0.49975735
Infiltration,0.6684460260972717,0.7101910828025477,0.4997564
Infiltration,0.6684460260972717,0.7117834394904459,0.49975616
Infiltration,0.6687425860023725,0.7117834394904459,0.49975342
Infiltration,0.6687425860023725,0.714968152866242,0.49975324
Infiltration,0.6702253855278766,0.714968152866242,0.4997459
Infiltration,0.6702253855278766,0.7165605095541401,0.49974504
Infiltration,0.6714116251482799,0.7165605095541401,0.4997392
Infiltration,0.6714116251482799,0.7181528662420382,0.4997379
Infiltration,0.6755634638196916,0.7181528662420382,0.49972072
Infiltration,0.6755634638196916,0.7197452229299363,0.49971953
Infiltration,0.6770462633451957,0.7197452229299363,0.4997154
Infiltration,0.6776393831553974,0.7197452229299363,0.49971527
Infiltration,0.6779359430604982,0.7197452229299363,0.4997142
Infiltration,0.6779359430604982,0.7213375796178344,0.49971396
Infiltration,0.6791221826809015,0.7213375796178344,0.49970603
Infiltration,0.6791221826809015,0.7229299363057324,0.49970543
Infiltration,0.6814946619217082,0.7229299363057324,0.4997002
Infiltration,0.6814946619217082,0.7245222929936306,0.49969965
Infiltration,0.6847568208778173,0.7245222929936306,0.49968562
Infiltration,0.6850533807829181,0.7261146496815286,0.49968478
Infiltration,0.6850533807829181,0.7277070063694268,0.49968353
Infiltration,0.6874258600237247,0.7277070063694268,0.49967852
Infiltration,0.6874258600237247,0.7292993630573248,0.49967775
Infiltration,0.6895017793594306,0.7292993630573248,0.49967512
Infiltration,0.6895017793594306,0.7308917197452229,0.499675
Infiltration,0.6897983392645315,0.7308917197452229,0.49967346
Infiltration,0.6900948991696323,0.732484076433121,0.49967292
Infiltration,0.6921708185053381,0.732484076433121,0.49966323
Infiltration,0.6921708185053381,0.7356687898089171,0.49966156
Infiltration,0.6927639383155397,0.7356687898089171,0.49966013
Infiltration,0.6930604982206405,0.7372611464968153,0.4996599
Infiltration,0.6933570581257414,0.7372611464968153,0.49965966
Infiltration,0.6933570581257414,0.7388535031847133,0.4996593
Infiltration,0.6951364175563464,0.7388535031847133,0.4996525
Infiltration,0.6951364175563464,0.7420382165605095,0.49964538
Infiltration,0.6969157769869514,0.7420382165605095,0.49963793
Infiltration,0.6969157769869514,0.7468152866242038,0.49963388
Infiltration,0.6972123368920522,0.7468152866242038,0.49963322
Infiltration,0.6972123368920522,0.7484076433121019,0.49963287
Infiltration,0.6981020166073547,0.7484076433121019,0.49963114
Infiltration,0.6981020166073547,0.75,0.49963108
Infiltration,0.6986951364175563,0.75,0.49963072
Infiltration,0.7013641755634639,0.75,0.49961495
Infiltration,0.7013641755634639,0.7515923566878981,0.49961406
Infiltration,0.7072953736654805,0.7515923566878981,0.49958146
Infiltration,0.7072953736654805,0.7531847133757962,0.49957985
Infiltration,0.7078884934756821,0.7531847133757962,0.49957246
Infiltration,0.7078884934756821,0.7547770700636943,0.4995685
Infiltration,0.708185053380783,0.7547770700636943,0.49956813
Infiltration,0.708185053380783,0.7563694267515924,0.49956194
Infiltration,0.7084816132858838,0.7563694267515924,0.49956003
Infiltration,0.7084816132858838,0.7611464968152867,0.49955687
Infiltration,0.7111506524317912,0.7611464968152867,0.49954295
Infiltration,0.7111506524317912,0.7627388535031847,0.49953866
Infiltration,0.711447212336892,0.7627388535031847,0.49953732
Infiltration,0.711447212336892,0.7643312101910829,0.49953416
Infiltration,0.7117437722419929,0.7643312101910829,0.49953195
Infiltration,0.7117437722419929,0.767515923566879,0.49952975
Infiltration,0.7123368920521945,0.767515923566879,0.49952605
Infiltration,0.7123368920521945,0.7691082802547771,0.49952373
Infiltration,0.713226571767497,0.7691082802547771,0.49951977
Infiltration,0.713226571767497,0.7707006369426752,0.4995196
Infiltration,0.7135231316725978,0.7707006369426752,0.49951953
Infiltration,0.7135231316725978,0.7722929936305732,0.49951524
Infiltration,0.716785290628707,0.7722929936305732,0.4994914
Infiltration,0.716785290628707,0.7738853503184714,0.49948806
Infiltration,0.7170818505338078,0.7738853503184714,0.49948722
Infiltration,0.7176749703440095,0.7738853503184714,0.49948353
Infiltration,0.7191577698695136,0.7738853503184714,0.49947408
Infiltration,0.7191577698695136,0.7754777070063694,0.49947235
Infiltration,0.7200474495848161,0.7754777070063694,0.49947104
Infiltration,0.7200474495848161,0.7770700636942676,0.49946997
Infiltration,0.7206405693950177,0.7770700636942676,0.4994591
Infiltration,0.7206405693950177,0.7802547770700637,0.49944887
Infiltration,0.7209371293001187,0.7818471337579618,0.4994445
Infiltration,0.7236061684460261,0.7818471337579618,0.49942678
Infiltration,0.7236061684460261,0.7834394904458599,0.49942666
Infiltration,0.7256820877817319,0.7834394904458599,0.49941978
Infiltration,0.7256820877817319,0.785031847133758,0.49941918
Infiltration,0.727164887307236,0.785031847133758,0.49940908
Infiltration,0.727164887307236,0.7882165605095541,0.49940002
Infiltration,0.7274614472123369,0.7882165605095541,0.49937457
Infiltration,0.7274614472123369,0.7898089171974523,0.49937126
Infiltration,0.7289442467378411,0.7898089171974523,0.49906644
Infiltration,0.7289442467378411,0.7929936305732485,0.4990278
Infiltration,0.7316132858837485,0.7929936305732485,0.49854714
Infiltration,0.7316132858837485,0.7945859872611465,0.4985231
Infiltration,0.7322064056939501,0.7945859872611465,0.4984667
Infiltration,0.7322064056939501,0.7961783439490446,0.49838987
Infiltration,0.7327995255041518,0.7961783439490446,0.49824807
Infiltration,0.7327995255041518,0.7977707006369427,0.49823305
Infiltration,0.7369513641755635,0.7977707006369427,0.49742213
Infiltration,0.7369513641755635,0.7993630573248408,0.49732125
Infiltration,0.7402135231316725,0.7993630573248408,0.49675134
Infiltration,0.7402135231316725,0.8009554140127388,0.4966774
Infiltration,0.7443653618030842,0.8009554140127388,0.49590853
Infiltration,0.7443653618030842,0.802547770700637,0.49584475
Infiltration,0.7449584816132859,0.802547770700637,0.4956752
Infiltration,0.7449584816132859,0.804140127388535,0.49561295
Infiltration,0.74644128113879,0.804140127388535,0.495343
Infiltration,0.74644128113879,0.8057324840764332,0.49521178
Infiltration,0.75,0.8057324840764332,0.49433756
Infiltration,0.75,0.8073248407643312,0.49425903
Infiltration,0.7505931198102017,0.8073248407643312,0.49405876
Infiltration,0.7505931198102017,0.8089171974522293,0.4939666
Infiltration,0.7574139976275207,0.8089171974522293,0.4919811
Infiltration,0.7574139976275207,0.8121019108280255,0.49184448
Infiltration,0.7600830367734283,0.8121019108280255,0.4907391
Infiltration,0.7600830367734283,0.8136942675159236,0.49051932
Infiltration,0.7606761565836299,0.8136942675159236,0.49047455
Infiltration,0.7606761565836299,0.8152866242038217,0.4904682
Infiltration,0.7627520759193357,0.8152866242038217,0.48988461
Infiltration,0.7627520759193357,0.8168789808917197,0.48979715
Infiltration,0.7636417556346382,0.8168789808917197,0.48965502
Infiltration,0.7636417556346382,0.8184713375796179,0.4896511
Infiltration,0.7642348754448398,0.8184713375796179,0.4895615
Infiltration,0.7642348754448398,0.8200636942675159,0.4894746
Infiltration,0.7654211150652431,0.8200636942675159,0.48930627
Infiltration,0.7654211150652431,0.821656050955414,0.48928207
Infiltration,0.7663107947805456,0.821656050955414,0.488792
Infiltration,0.7663107947805456,0.8248407643312102,0.48859298
Infiltration,0.7701660735468565,0.8248407643312102,0.4875277
Infiltration,0.7701660735468565,0.8264331210191083,0.48751852
Infiltration,0.7722419928825622,0.8264331210191083,0.48682442
Infiltration,0.7722419928825622,0.8280254777070064,0.48682263
Infiltration,0.772835112692764,0.8280254777070064,0.48678374
Infiltration,0.772835112692764,0.8296178343949044,0.48677933
Infiltration,0.7731316725978647,0.8296178343949044,0.48667857
Infiltration,0.7731316725978647,0.8312101910828026,0.48642385
Infiltration,0.7734282325029656,0.8312101910828026,0.48638535
Infiltration,0.7734282325029656,0.8328025477707006,0.48633143
Infiltration,0.7740213523131673,0.8328025477707006,0.48622409
Infiltration,0.7740213523131673,0.8343949044585988,0.48621798
Infiltration,0.7775800711743772,0.8343949044585988,0.4854944
Infiltration,0.7775800711743772,0.8359872611464968,0.48530766
Infiltration,0.7870699881376038,0.8359872611464968,0.48251122
Infiltration,0.7870699881376038,0.8375796178343949,0.4825059
Infiltration,0.7897390272835113,0.8375796178343949,0.48160845
Infiltration,0.7897390272835113,0.839171974522293,0.4814614
Infiltration,0.7909252669039146,0.839171974522293,0.48122692
Infiltration,0.7909252669039146,0.8407643312101911,0.48109576
Infiltration,0.7924080664294187,0.8407643312101911,0.48052007
Infiltration,0.7924080664294187,0.8439490445859873,0.48009712
Infiltration,0.7927046263345195,0.8439490445859873,0.47989288
Infiltration,0.7927046263345195,0.8455414012738853,0.47985712
Infiltration,0.7930011862396203,0.8455414012738853,0.4798204
Infiltration,0.7930011862396203,0.8471337579617835,0.47940195
Infiltration,0.7956702253855279,0.8471337579617835,0.4785633
Infiltration,0.7956702253855279,0.8487261146496815,0.47842738
Infiltration,0.797153024911032,0.8487261146496815,0.47791997
Infiltration,0.797153024911032,0.8503184713375797,0.47771692
Infiltration,0.7980427046263345,0.8503184713375797,0.4776598
Infiltration,0.7980427046263345,0.8519108280254777,0.4776591
Infiltration,0.8027876631079478,0.8519108280254777,0.47622168
Infiltration,0.8027876631079478,0.8535031847133758,0.47609732
Infiltration,0.8039739027283511,0.8535031847133758,0.47572428
Infiltration,0.8039739027283511,0.8550955414012739,0.47560173
Infiltration,0.8054567022538552,0.8550955414012739,0.47543073
Infiltration,0.8054567022538552,0.856687898089172,0.47530323
Infiltration,0.8072360616844603,0.856687898089172,0.47489458
Infiltration,0.8072360616844603,0.85828025477707,0.47486758
Infiltration,0.8075326215895611,0.85828025477707,0.4747849
Infiltration,0.8075326215895611,0.8614649681528662,0.47461128
Infiltration,0.8125741399762753,0.8614649681528662,0.47335008
Infiltration,0.8125741399762753,0.8630573248407644,0.4731095
Infiltration,0.8137603795966786,0.8630573248407644,0.47273794
Infiltration,0.8137603795966786,0.8646496815286624,0.47264013
Infiltration,0.8167259786476868,0.8646496815286624,0.47131395
Infiltration,0.8167259786476868,0.8678343949044586,0.4712191
Infiltration,0.8306642941874258,0.8678343949044586,0.46685925
Infiltration,0.8306642941874258,0.8694267515923567,0.4667237
Infiltration,0.8330367734282325,0.8694267515923567,0.4661061
Infiltration,0.8330367734282325,0.8710191082802548,0.46608722
Infiltration,0.8365954922894425,0.8710191082802548,0.46521822
Infiltration,0.8365954922894425,0.8726114649681529,0.46517155
Infiltration,0.8386714116251482,0.8726114649681529,0.46407413
Infiltration,0.8386714116251482,0.8742038216560509,0.464069
Infiltration,0.8425266903914591,0.8742038216560509,0.46302626
Infiltration,0.8425266903914591,0.8757961783439491,0.46298283
Infiltration,0.8446026097271648,0.8757961783439491,0.4616811
Infiltration,0.8446026097271648,0.8773885350318471,0.46164367
Infiltration,0.8454922894424673,0.8773885350318471,0.46100312
Infiltration,0.8454922894424673,0.8789808917197452,0.460944
Infiltration,0.8460854092526691,0.8789808917197452,0.4603218
Infiltration,0.8460854092526691,0.8805732484076433,0.46004412
Infiltration,0.8526097271648873,0.8805732484076433,0.45828176
Infiltration,0.8526097271648873,0.8821656050955414,0.45797154
Infiltration,0.8558718861209964,0.8821656050955414,0.45641905
Infiltration,0.8558718861209964,0.8837579617834395,0.45624918
Infiltration,0.8570581257413997,0.8837579617834395,0.4557978
Infiltration,0.8570581257413997,0.8853503184713376,0.45573455
Infiltration,0.8609134045077106,0.8853503184713376,0.4529435
Infiltration,0.8609134045077106,0.8869426751592356,0.45275214
Infiltration,0.8623962040332147,0.8869426751592356,0.4522802
Infiltration,0.8623962040332147,0.8885350318471338,0.45217332
Infiltration,0.8632858837485172,0.8885350318471338,0.45181295
Infiltration,0.8632858837485172,0.8901273885350318,0.45178878
Infiltration,0.863582443653618,0.8901273885350318,0.45178333
Infiltration,0.863582443653618,0.89171974522293,0.4515553
Infiltration,0.8665480427046264,0.89171974522293,0.4504826
Infiltration,0.8665480427046264,0.893312101910828,0.45044884
Infiltration,0.868920521945433,0.893312101910828,0.44925848
Infiltration,0.868920521945433,0.8949044585987261,0.4491541
Infiltration,0.8692170818505338,0.8949044585987261,0.44914675
Infiltration,0.8692170818505338,0.8964968152866242,0.4489364
Infiltration,0.8706998813760379,0.8964968152866242,0.44802606
Infiltration,0.8706998813760379,0.8980891719745223,0.44775474
Infiltration,0.8718861209964412,0.8980891719745223,0.4473657
Infiltration,0.8718861209964412,0.8996815286624203,0.44736543
Infiltration,0.8739620403321471,0.8996815286624203,0.44661686
Infiltration,0.8739620403321471,0.9012738853503185,0.44653928
Infiltration,0.8822657176749703,0.9012738853503185,0.44259495
Infiltration,0.8822657176749703,0.9028662420382165,0.442591
Infiltration,0.8855278766310795,0.9028662420382165,0.44107756
Infiltration,0.8855278766310795,0.9044585987261147,0.44097066
Infiltration,0.8893831553973903,0.9044585987261147,0.4395244
Infiltration,0.8893831553973903,0.9060509554140127,0.4394522
Infiltration,0.8896797153024911,0.9060509554140127,0.4393928
Infiltration,0.8896797153024911,0.910828025477707,0.43866506
Infiltration,0.8905693950177936,0.910828025477707,0.43843645
Infiltration,0.8905693950177936,0.9124203821656051,0.4378135
Infiltration,0.8923487544483986,0.9124203821656051,0.43717661
Infiltration,0.8923487544483986,0.9140127388535032,0.4370648
Infiltration,0.8935349940688019,0.9140127388535032,0.4366863
Infiltration,0.8935349940688019,0.9171974522292994,0.4365516
Infiltration,0.895017793594306,0.9171974522292994,0.43589666
Infiltration,0.895017793594306,0.9187898089171974,0.43581727
Infiltration,0.8965005931198102,0.9187898089171974,0.43512726
Infiltration,0.8965005931198102,0.9203821656050956,0.43510568
Infiltration,0.8970937129300118,0.9203821656050956,0.43503556
Infiltration,0.8970937129300118,0.9219745222929936,0.43503457
Infiltration,0.9012455516014235,0.9219745222929936,0.4329691
Infiltration,0.9012455516014235,0.9251592356687898,0.4328608
Infiltration,0.9036180308422301,0.9251592356687898,0.43211785
Infiltration,0.9036180308422301,0.9267515923566879,0.43177804
Infiltration,0.9042111506524317,0.9267515923566879,0.43110907
Infiltration,0.9042111506524317,0.9299363057324841,0.43099663
Infiltration,0.9059905100830368,0.9299363057324841,0.429575
Infiltration,0.9059905100830368,0.9315286624203821,0.42875612
Infiltration,0.9077698695136418,0.9315286624203821,0.42799214
Infiltration,0.9077698695136418,0.9331210191082803,0.4279737
Infiltration,0.9092526690391459,0.9331210191082803,0.4267165
Infiltration,0.9092526690391459,0.9347133757961783,0.42646086
Infiltration,0.91073546856465,0.9347133757961783,0.4250282
Infiltration,0.91073546856465,0.9363057324840764,0.42502043
Infiltration,0.9119217081850534,0.9363057324840764,0.4244472
Infiltration,0.9119217081850534,0.9378980891719745,0.42423236
Infiltration,0.9157769869513642,0.9378980891719745,0.42311028
Infiltration,0.9157769869513642,0.9394904458598726,0.42296836
Infiltration,0.91785290628707,0.9394904458598726,0.4216078
Infiltration,0.91785290628707,0.9410828025477707,0.42155164
Infiltration,0.9220047449584816,0.9410828025477707,0.4196039
Infiltration,0.9220047449584816,0.9426751592356688,0.4194623
Infiltration,0.9252669039145908,0.9426751592356688,0.41825753
Infiltration,0.9252669039145908,0.9442675159235668,0.41725242
Infiltration,0.9273428232502966,0.9442675159235668,0.4160046
Infiltration,0.9273428232502966,0.945859872611465,0.4159254
Infiltration,0.9279359430604982,0.945859872611465,0.41572338
Infiltration,0.9279359430604982,0.947452229299363,0.41565996
Infiltration,0.9400948991696323,0.947452229299363,0.40663263
Infiltration,0.9400948991696323,0.9490445859872612,0.40623295
Infiltration,0.9409845788849348,0.9490445859872612,0.40576905
Infiltration,0.9409845788849348,0.9506369426751592,0.40573013
Infiltration,0.9415776986951364,0.9506369426751592,0.40488496
Infiltration,0.9415776986951364,0.9522292993630573,0.4046485
Infiltration,0.9525504151838672,0.9522292993630573,0.39697665
Infiltration,0.9525504151838672,0.9538216560509554,0.39684832
Infiltration,0.9534400948991696,0.9538216560509554,0.39615855
Infiltration,0.9534400948991696,0.9554140127388535,0.39611998
Infiltration,0.9552194543297746,0.9554140127388535,0.39463425
Infiltration,0.9552194543297746,0.9570063694267515,0.39457425
Infiltration,0.9575919335705813,0.9570063694267515,0.39259866
Infiltration,0.9575919335705813,0.9585987261146497,0.39229688
Infiltration,0.9587781731909846,0.9585987261146497,0.39101365
Infiltration,0.9587781731909846,0.9601910828025477,0.39087555
Infiltration,0.9593712930011863,0.9601910828025477,0.39061555
Infiltration,0.9593712930011863,0.964968152866242,0.38965672
Infiltration,0.9626334519572953,0.964968152866242,0.3858333
Infiltration,0.9626334519572953,0.9665605095541401,0.38582274
Infiltration,0.9638196915776986,0.9665605095541401,0.3840954
Infiltration,0.9638196915776986,0.9681528662420382,0.38399124
Infiltration,0.965005931198102,0.9681528662420382,0.3827651
Infiltration,0.965005931198102,0.9697452229299363,0.38274142
Infiltration,0.9658956109134045,0.9697452229299363,0.38202173
Infiltration,0.9658956109134045,0.9729299363057324,0.38179532
Infiltration,0.966785290628707,0.9729299363057324,0.38150793
Infiltration,0.966785290628707,0.9745222929936306,0.38135642
Infiltration,0.9733096085409253,0.9745222929936306,0.37442338
Infiltration,0.9733096085409253,0.9777070063694268,0.37428454
Infiltration,0.9739027283511269,0.9777070063694268,0.3734305
Infiltration,0.9739027283511269,0.9792993630573248,0.37337816
Infiltration,0.9747924080664294,0.9792993630573248,0.37243095
Infiltration,0.9747924080664294,0.9808917197452229,0.37020618
Infiltration,0.9753855278766311,0.9808917197452229,0.36930257
Infiltration,0.9753855278766311,0.982484076433121,0.36917064
Infiltration,0.9783511269276394,0.982484076433121,0.36525804
Infiltration,0.9783511269276394,0.9840764331210191,0.36438057
Infiltration,0.9872479240806643,0.9840764331210191,0.35216528
Infiltration,0.9872479240806643,0.9856687898089171,0.351908
Infiltration,0.9887307236061684,0.9856687898089171,0.35025543
Infiltration,0.9887307236061684,0.9904458598726115,0.3491107
Infiltration,0.991399762752076,0.9904458598726115,0.34079948
Infiltration,0.991399762752076,0.9920382165605095,0.34063095
Infiltration,0.9943653618030842,0.9920382165605095,0.33133575
Infiltration,0.9943653618030842,0.9936305732484076,0.33116838
Infiltration,0.994661921708185,0.9936305732484076,0.33101818
Infiltration,0.994661921708185,0.9952229299363057,0.3308651
Infiltration,0.9955516014234875,0.9952229299363057,0.32641184
Infiltration,0.9955516014234875,0.9968152866242038,0.32448128
Infiltration,0.9967378410438908,0.9968152866242038,0.3115738
Infiltration,0.9967378410438908,0.9984076433121019,0.31145543
Infiltration,0.9997034400948992,0.9984076433121019,0.27908096
Infiltration,0.9997034400948992,1.0,0.2779547
Infiltration,1.0,1.0,0.27705535
Mass,0.0,0.0,1.5045345
Mass,0.0002615746795710175,0.0,0.5045344
Mass,0.010724561862411719,0.0,0.5043386
Mass,0.011247711221553753,0.0,0.5043374
Mass,0.014386607376405965,0.0,0.50428385
Mass,0.014386607376405965,0.005649717514124294,0.5042818
Mass,0.015171331415119017,0.005649717514124294,0.5042739
Mass,0.015171331415119017,0.011299435028248588,0.5042714
Mass,0.022495422443107507,0.011299435028248588,0.5041685
Mass,0.022495422443107507,0.01694915254237288,0.50416565
Mass,0.03374313366466126,0.01694915254237288,0.504062
Mass,0.03374313366466126,0.022598870056497175,0.5040594
Mass,0.03688202981951347,0.022598870056497175,0.50402844
Mass,0.037405179178655504,0.022598870056497175,0.50402814
Mass,0.0402825006539367,0.022598870056497175,0.5040057
Mass,0.04080565001307873,0.022598870056497175,0.50400525
Mass,0.043159822129217894,0.022598870056497175,0.50399727
Mass,0.043159822129217894,0.02824858757062147,0.5039968
Mass,0.05022233847763537,0.02824858757062147,0.503955
Mass,0.05022233847763537,0.03389830508474576,0.50395393
Mass,0.060946900340047086,0.03389830508474576,0.50386614
Mass,0.061470049699189115,0.03389830508474576,0.5038642
Mass,0.06460894585404132,0.03389830508474576,0.503844
Mass,0.06460894585404132,0.062146892655367235,0.50383633
Mass,0.06539366989275439,0.062146892655367235,0.5038317
Mass,0.06539366989275439,0.06779661016949153,0.50383157
Mass,0.06696311797018048,0.06779661016949153,0.503826
Mass,0.06696311797018048,0.07344632768361582,0.50382143
Mass,0.07716453047345018,0.07344632768361582,0.5037633
Mass,0.7326706774784201,0.7570621468926554,0.50376236
Mass,0.7358095736332723,0.7570621468926554,0.5033673
Mass,0.7358095736332723,0.768361581920904,0.50330704
Mass,0.7413026419042636,0.768361581920904,0.50262666
Mass,0.7413026419042636,0.7740112994350282,0.502601
Mass,0.746272560816113,0.7740112994350282,0.50194925
Mass,0.746272560816113,0.7796610169491526,0.5019487
Mass,0.746534135495684,0.7796610169491526,0.5019391
Mass,0.746534135495684,0.7853107344632768,0.50189185
Mass,0.7499346063301072,0.7853107344632768,0.50145787
Mass,0.7499346063301072,0.7909604519774012,0.5014329
Mass,0.7517656290871043,0.7909604519774012,0.5010567
Mass,0.7517656290871043,0.7966101694915254,0.5010386
Mass,0.7520272037666754,0.7966101694915254,0.5010309
Mass,0.7520272037666754,0.8022598870056498,0.5009507
Mass,0.7554276746010986,0.8022598870056498,0.5004162
Mass,0.7554276746010986,0.807909604519774,0.5002973
Mass,0.7572586973580957,0.807909604519774,0.49993324
Mass,0.7572586973580957,0.8135593220338984,0.49982065
Mass,0.7598744441538059,0.8135593220338984,0.49943
Mass,0.7598744441538059,0.8248587570621468,0.4992736
Mass,0.7679832592205075,0.8248587570621468,0.49759704
Mass,0.7679832592205075,0.8305084745762712,0.4975531
Mass,0.7826314412764844,0.8305084745762712,0.49502262
Mass,0.7826314412764844,0.8361581920903954,0.49500832
Mass,0.7865550614700497,0.8361581920903954,0.4943174
Mass,0.7865550614700497,0.8418079096045198,0.49427238
Mass,0.7938791524980382,0.8418079096045198,0.4926307
Mass,0.7938791524980382,0.847457627118644,0.49254066
Mass,0.8004185194873136,0.847457627118644,0.49086133
Mass,0.8004185194873136,0.8531073446327684,0.49076673
Mass,0.8022495422443108,0.8531073446327684,0.49022278
Mass,0.8022495422443108,0.8587570621468926,0.49021357
Mass,0.8046037143604499,0.8587570621468926,0.48988977
Mass,0.8046037143604499,0.864406779661017,0.48964414
Mass,0.8119278053884385,0.864406779661017,0.488453
Mass,0.8119278053884385,0.8700564971751412,0.4884277
Mass,0.8179440230185718,0.8700564971751412,0.4872517
Mass,0.8179440230185718,0.8757062146892656,0.487199
Mass,0.821344493852995,0.8757062146892656,0.48626885
Mass,0.821867643212137,0.8757062146892656,0.48626828
Mass,0.8341616531519749,0.8757062146892656,0.4833118
Mass,0.8341616531519749,0.8813559322033898,0.4832897
Mass,0.8519487313628041,0.8813559322033898,0.4786544
Mass,0.8519487313628041,0.8870056497175142,0.47864893
Mass,0.8571802249542244,0.8870056497175142,0.47747013
Mass,0.8571802249542244,0.8926553672316384,0.47721404
Mass,0.8741825791263406,0.8926553672316384,0.47175342
Mass,0.8741825791263406,0.8983050847457628,0.4716139
Mass,0.8883076118231755,0.8983050847457628,0.4674458
Mass,0.8883076118231755,0.903954802259887,0.4673414
Mass,0.8896154852210306,0.903954802259887,0.46693757
Mass,0.8896154852210306,0.9096045197740112,0.46690887
Mass,0.8927543813758828,0.9096045197740112,0.46571988
Mass,0.8927543813758828,0.9152542372881356,0.46568322
Mass,0.8945854041328799,0.9152542372881356,0.46523947
Mass,0.8945854041328799,0.9209039548022598,0.46519628
Mass,0.9034789432382946,0.9209039548022598,0.46244657
Mass,0.9034789432382946,0.9265536723163842,0.46236792
Mass,0.9108030342662831,0.9265536723163842,0.45902404
Mass,0.9108030342662831,0.9322033898305084,0.4589196
Mass,0.9215275961286947,0.9322033898305084,0.45479563
Mass,0.9215275961286947,0.9378531073446328,0.45476827
Mass,0.9304211352341093,0.9378531073446328,0.4514445
Mass,0.9304211352341093,0.943502824858757,0.45132375
Mass,0.9325137326706775,0.943502824858757,0.45071924
Mass,0.9325137326706775,0.9491525423728814,0.45051822
Mass,0.9330368820298195,0.9491525423728814,0.4502799
Mass,0.9330368820298195,0.9548022598870056,0.45018512
Mass,0.9351294794663877,0.9548022598870056,0.4491051
Mass,0.9351294794663877,0.96045197740113,0.4489656
Mass,0.9374836515825268,0.96045197740113,0.44679388
Mass,0.9374836515825268,0.9717514124293786,0.44672456
Mass,0.9380068009416689,0.9717514124293786,0.44643062
Mass,0.9380068009416689,0.9774011299435028,0.4464116
Mass,0.9471619147266545,0.9774011299435028,0.4415949
Mass,0.9471619147266545,0.9830508474576272,0.44156787
Mass,0.9503008108815066,0.9830508474576272,0.4399851
Mass,0.9503008108815066,0.9887005649717514,0.43998083
Mass,0.9534397070363588,0.9887005649717514,0.43845478
Mass,0.9534397070363588,0.9943502824858758,0.43776485
Mass,0.9605022233847763,0.9943502824858758,0.4335475
Mass,0.9605022233847763,1.0,0.4332378
Mass,1.0,1.0,0.31091815
Nodule,0.0,0.0,1.5018588
Nodule,0.6571277159512454,0.6504424778761062,0.50185883
Nodule,0.6603073661897191,0.6504424778761062,0.50182337
Nodule,0.6603073661897191,0.6548672566371682,0.50182056
Nodule,0.6671966083730789,0.6548672566371682,0.5017776
Nodule,0.6677265500794912,0.6548672566371682,0.5017749
Nodule,0.6711711711711712,0.6548672566371682,0.50174224
Nodule,0.6711711711711712,0.6637168141592921,0.5017407
Nodule,0.6796502384737679,0.6637168141592921,0.5016693
Nodule,0.6796502384737679,0.668141592920354,0.50166607
Nodule,0.6809750927397986,0.668141592920354,0.5016432
Nodule,0.6809750927397986,0.672566371681416,0.50164276
Nodule,0.7045574986751457,0.672566371681416,0.5014455
Nodule,0.705087440381558,0.672566371681416,0.5014439
Nodule,0.7064122946475888,0.672566371681416,0.50143516
Nodule,0.7064122946475888,0.6769911504424779,0.50143385
Nodule,0.7069422363540011,0.6769911504424779,0.5014182
Nodule,0.7072072072072072,0.6814159292035398,0.5014151
Nodule,0.710386857445681,0.6814159292035398,0.5013947
Nodule,0.710386857445681,0.6858407079646017,0.5013924
Nodule,0.7114467408585056,0.6858407079646017,0.50138265
Nodule,0.7114467408585056,0.6902654867256637,0.50136876
Nodule,0.7180710121886592,0.6902654867256637,0.50130045
Nodule,0.7180710121886592,0.6946902654867256,0.501297
Nodule,0.7183359830418654,0.6946902654867256,0.50129664
Nodule,0.7183359830418654,0.6991150442477876,0.5012916
Nodule,0.7252252252252253,0.6991150442477876,0.5012008
Nodule,0.7252252252252253,0.7035398230088495,0.50120014
Nodule,0.7265500794912559,0.7035398230088495,0.501177
Nodule,0.7265500794912559,0.7079646017699115,0.5011699
Nodule,0.7268150503444621,0.7079646017699115,0.50116503
Nodule,0.7268150503444621,0.7123893805309734,0.50115794
Nodule,0.7276099629040805,0.7123893805309734,0.5011388
Nodule,0.7276099629040805,0.7168141592920354,0.5011381
Nodule,0.7291997880233174,0.7168141592920354,0.5011113
Nodule,0.7291997880233174,0.7212389380530974,0.50110614
Nodule,0.7329093799682035,0.7212389380530974,0.5010605
Nodule,0.7329093799682035,0.7256637168141593,0.5010544
Nodule,0.733704292527822,0.7256637168141593,0.50104165
Nodule,0.733704292527822,0.7300884955752213,0.5010375
Nodule,0.7347641759406466,0.7300884955752213,0.50101876
Nodule,0.7347641759406466,0.7389380530973452,0.5010094
Nodule,0.7358240593534712,0.7389380530973452,0.50099367
Nodule,0.7358240593534712,0.7433628318584071,0.50098926
Nodule,0.741123476417594,0.7433628318584071,0.5009061
Nodule,0.741123476417594,0.7477876106194691,0.50089973
Nodule,0.7419183889772125,0.7477876106194691,0.5008876
Nodule,0.7424483306836248,0.7477876106194691,0.50087655
Nodule,0.7450980392156863,0.7477876106194691,0.5008396
Nodule,0.7450980392156863,0.7522123893805309,0.5008391
Nodule,0.7488076311605724,0.7522123893805309,0.5007546
Nodule,0.7488076311605724,0.7566371681415929,0.5007516
Nodule,0.7493375728669847,0.7566371681415929,0.5007456
Nodule,0.7493375728669847,0.7610619469026548,0.5007416
Nodule,0.7530471648118707,0.7610619469026548,0.5006874
Nodule,0.7530471648118707,0.7654867256637168,0.5006853
Nodule,0.7551669316375199,0.7654867256637168,0.5006387
Nodule,0.7551669316375199,0.7699115044247787,0.5006341
Nodule,0.7692103868574457,0.7699115044247787,0.49967244
Nodule,0.7692103868574457,0.7743362831858407,0.49967167
Nodule,0.7771595124536301,0.7743362831858407,0.49919936
Nodule,0.7771595124536301,0.7787610619469026,0.49918464
Nodule,0.7843137254901961,0.7787610619469026,0.49878144
Nodule,0.7843137254901961,0.7831858407079646,0.4987764
Nodule,0.7845786963434023,0.7831858407079646,0.4987307
Nodule,0.7845786963434023,0.7876106194690266,0.49871734
Nodule,0.7922628510863805,0.7876106194690266,0.49822038
Nodule,0.7922628510863805,0.7920353982300885,0.49819872
Nodule,0.7946475887652358,0.7920353982300885,0.4980565
Nodule,0.7946475887652358,0.7964601769911505,0.49804667
Nodule,0.8018018018018018,0.7964601769911505,0.49733198
Nodule,0.8018018018018018,0.8008849557522124,0.49728256
Nodule,0.8025967143614202,0.8008849557522124,0.49716228
Nodule,0.8025967143614202,0.8053097345132744,0.49715137
Nodule,0.8084260731319555,0.8053097345132744,0.49681443
Nodule,0.8084260731319555,0.8097345132743363,0.49681094
Nodule,0.8134605193428723,0.8097345132743363,0.4964913
Nodule,0.8134605193428723,0.8141592920353983,0.49648544
Nodule,0.816640169581346,0.8141592920353983,0.49629873
Nodule,0.816640169581346,0.8185840707964602,0.4962963
Nodule,0.8235294117647058,0.8185840707964602,0.49569812
Nodule,0.8240593534711181,0.8185840707964602,0.4956979
Nodule,0.834658187599364,0.8185840707964602,0.4948591
Nodule,0.834658187599364,0.8230088495575221,0.49478775
Nodule,0.8351881293057764,0.8230088495575221,0.49475595
Nodule,0.8351881293057764,0.827433628318584,0.49472672
Nodule,0.8426073131955485,0.827433628318584,0.49424845
Nodule,0.8426073131955485,0.831858407079646,0.49423766
Nodule,0.84525702172761,0.831858407079646,0.49398893
Nodule,0.84525702172761,0.8362831858407079,0.4939621
Nodule,0.8510863804981452,0.8362831858407079,0.49317658
Nodule,0.8510863804981452,0.8407079646017699,0.4931279
Nodule,0.8550609432962374,0.8407079646017699,0.4929219
Nodule,0.8550609432962374,0.8451327433628318,0.49291414
Nodule,0.856120826709062,0.8451327433628318,0.4928195
Nodule,0.856120826709062,0.8495575221238938,0.49280694
Nodule,0.8582405935347112,0.8495575221238938,0.4924958
Nodule,0.8582405935347112,0.8539823008849557,0.49245897
Nodule,0.870429252782194,0.8539823008849557,0.49110273
Nodule,0.870429252782194,0.8584070796460177,0.49105045
Nodule,0.8762586115527292,0.8584070796460177,0.49044004
Nodule,0.8762586115527292,0.8628318584070797,0.4903761
Nodule,0.8765235824059353,0.8628318584070797,0.49036652
Nodule,0.8765235824059353,0.8672566371681416,0.49034968
Nodule,0.8823529411764706,0.8672566371681416,0.48954362
Nodule,0.8823529411764706,0.8716814159292036,0.48950055
Nodule,0.8895071542130366,0.8716814159292036,0.4888774
Nodule,0.8895071542130366,0.8761061946902655,0.4888672
Nodule,0.9032856385797562,0.8761061946902655,0.4874257
Nodule,0.9032856385797562,0.8805309734513275,0.48739955
Nodule,0.904610492845787,0.8805309734513275,0.48726115
Nodule,0.904610492845787,0.8849557522123894,0.487258
Nodule,0.9059353471118177,0.8849557522123894,0.4872006
Nodule,0.9059353471118177,0.8893805309734514,0.48712614
Nodule,0.908320084790673,0.8893805309734514,0.48675844
Nodule,0.908320084790673,0.8938053097345132,0.4866473
Nodule,0.9175940646528882,0.8938053097345132,0.4852673
Nodule,0.9175940646528882,0.8982300884955752,0.48526663
Nodule,0.9181240063593005,0.8982300884955752,0.48520365
Nodule,0.9181240063593005,0.9026548672566371,0.4851905
Nodule,0.9199788023317436,0.9026548672566371,0.48505214
Nodule,0.9199788023317436,0.9070796460176991,0.48489064
Nodule,0.9295177530471648,0.9070796460176991,0.48362148
Nodule,0.9295177530471648,0.911504424778761,0.48359093
Nodule,0.9348171701112877,0.911504424778761,0.4828669
Nodule,0.9348171701112877,0.915929203539823,0.4828634
Nodule,0.9372019077901431,0.915929203539823,0.4825089
Nodule,0.9372019077901431,0.9203539823008849,0.48247325
Nodule,0.93879173290938,0.9203539823008849,0.48192686
Nodule,0.93879173290938,0.9247787610619469,0.48185822
Nodule,0.9390567037625861,0.9247787610619469,0.48173675
Nodule,0.9390567037625861,0.9292035398230089,0.48171213
Nodule,0.9401165871754107,0.9292035398230089,0.48157287
Nodule,0.9401165871754107,0.9336283185840708,0.4814634
Nodule,0.9414414414414415,0.9336283185840708,0.4813718
Nodule,0.9414414414414415,0.9380530973451328,0.48135477
Nodule,0.9483306836248012,0.9380530973451328,0.4799163
Nodule,0.9483306836248012,0.9424778761061947,0.47989732
Nodule,0.9512453630100689,0.9424778761061947,0.47949612
Nodule,0.9512453630100689,0.9513274336283186,0.4794144
Nodule,0.9544250132485427,0.9513274336283186,0.47887474
Nodule,0.9544250132485427,0.9557522123893806,0.47876588
Nodule,0.9615792262851086,0.9557522123893806,0.47738755
Nodule,0.9615792262851086,0.9601769911504425,0.4771734
Nodule,0.9647588765235824,0.9601769911504425,0.47622046
Nodule,0.9647588765235824,0.9646017699115044,0.47620565
Nodule,0.965818759936407,0.9646017699115044,0.4760039
Nodule,0.965818759936407,0.9690265486725663,0.47598514
Nodule,0.9719130895601484,0.9690265486725663,0.4746654
Nodule,0.9719130895601484,0.9734513274336283,0.47462136
Nodule,0.9753577106518283,0.9734513274336283,0.47312587
Nodule,0.9753577106518283,0.9823008849557522,0.4729676
Nodule,0.9878113407525172,0.9823008849557522,0.46869054
Nodule,0.9878113407525172,0.9867256637168141,0.46862832
Nodule,0.9933757286698464,0.9867256637168141,0.4645583
Nodule,0.9933757286698464,0.9911504424778761,0.4641784
Nodule,0.994435612082671,0.9911504424778761,0.46374065
Nodule,0.994435612082671,0.995575221238938,0.46301067
Nodule,0.998145204027557,0.995575221238938,0.45520347
Nodule,0.998145204027557,1.0,0.45217073
Nodule,1.0,1.0,0.35183808
Pleural_Thickening,0.0,0.0,1.5034021
Pleural_Thickening,0.6564495530012772,0.6705882352941176,0.5034021
Pleural_Thickening,0.7011494252873564,0.6705882352941176,0.50248986
Pleural_Thickening,0.7011494252873564,0.6823529411764706,0.502479
Pleural_Thickening,0.7044699872286079,0.6823529411764706,0.50239974
Pleural_Thickening,0.7044699872286079,0.6941176470588235,0.50239915
Pleural_Thickening,0.7236270753512133,0.6941176470588235,0.5018509
Pleural_Thickening,0.7236270753512133,0.7058823529411765,0.50183696
Pleural_Thickening,0.7394636015325671,0.7058823529411765,0.5012236
Pleural_Thickening,0.7399744572158365,0.7058823529411765,0.5012085
Pleural_Thickening,0.7425287356321839,0.7058823529411765,0.5011249
Pleural_Thickening,0.7425287356321839,0.7176470588235294,0.501119
Pleural_Thickening,0.7568326947637293,0.7176470588235294,0.500123
Pleural_Thickening,0.7568326947637293,0.7294117647058823,0.50007904
Pleural_Thickening,0.7609195402298851,0.7294117647058823,0.49918166
Pleural_Thickening,0.7609195402298851,0.7411764705882353,0.4991786
Pleural_Thickening,0.7816091954022989,0.7411764705882353,0.49506038
Pleural_Thickening,0.7816091954022989,0.7529411764705882,0.49503642
Pleural_Thickening,0.7913154533844189,0.7529411764705882,0.49329606
Pleural_Thickening,0.7913154533844189,0.7764705882352941,0.4930938
Pleural_Thickening,0.80970625798212,0.7764705882352941,0.4886975
Pleural_Thickening,0.80970625798212,0.788235294117647,0.48861986
Pleural_Thickening,0.821455938697318,0.788235294117647,0.48636177
Pleural_Thickening,0.821455938697318,0.8,0.48632386
Pleural_Thickening,0.822477650063857,0.8,0.48590583
Pleural_Thickening,0.822477650063857,0.8117647058823529,0.4858151
Pleural_Thickening,0.8250319284802043,0.8117647058823529,0.48534232
Pleural_Thickening,0.8250319284802043,0.8235294117647058,0.48532793
Pleural_Thickening,0.8270753512132822,0.8235294117647058,0.48478147
Pleural_Thickening,0.8270753512132822,0.8352941176470589,0.48476034
Pleural_Thickening,0.8288633461047255,0.8352941176470589,0.48413143
Pleural_Thickening,0.8288633461047255,0.8470588235294118,0.48406723
Pleural_Thickening,0.8510855683269476,0.8470588235294118,0.47828597
Pleural_Thickening,0.8510855683269476,0.8588235294117647,0.4781453
Pleural_Thickening,0.8538952745849298,0.8588235294117647,0.47776502
Pleural_Thickening,0.8538952745849298,0.8705882352941177,0.47775486
Pleural_Thickening,0.870242656449553,0.8705882352941177,0.47242928
Pleural_Thickening,0.870242656449553,0.8823529411764706,0.47229692
Pleural_Thickening,0.8773946360153256,0.8823529411764706,0.4696055
Pleural_Thickening,0.8773946360153256,0.8941176470588236,0.4693822
Pleural_Thickening,0.8807151979565773,0.8941176470588236,0.46830124
Pleural_Thickening,0.8807151979565773,0.9058823529411765,0.46821415
Pleural_Thickening,0.8896551724137931,0.9058823529411765,0.4658489
Pleural_Thickening,0.8896551724137931,0.9176470588235294,0.46579292
Pleural_Thickening,0.9157088122605364,0.9176470588235294,0.45575753
Pleural_Thickening,0.9157088122605364,0.9294117647058824,0.45568478
Pleural_Thickening,0.9318007662835249,0.9294117647058824,0.44973442
Pleural_Thickening,0.9318007662835249,0.9411764705882353,0.44968975
Pleural_Thickening,0.9323116219667944,0.9411764705882353,0.44940713
Pleural_Thickening,0.9323116219667944,0.9529411764705882,0.44939613
Pleural_Thickening,0.9425287356321839,0.9529411764705882,0.44279838
Pleural_Thickening,0.9425287356321839,0.9647058823529412,0.44276902
Pleural_Thickening,0.9427841634738187,0.9647058823529412,0.4425027
Pleural_Thickening,0.9427841634738187,0.9764705882352941,0.44234073
Pleural_Thickening,0.978544061302682,0.9764705882352941,0.41665003
Pleural_Thickening,0.978544061302682,0.9882352941176471,0.41652352
Pleural_Thickening,0.9877394636015325,0.9882352941176471,0.40815914
Pleural_Thickening,0.9877394636015325,1.0,0.40770346
Pleural_Thickening,1.0,1.0,0.24695875
Pneumonia,0.0,0.0,1.5051696
Pneumonia,0.6565809379727685,0.6764705882352942,0.5051697
Pneumonia,0.6591023701462431,0.6764705882352942,0.5051525
Pneumonia,0.659606656580938,0.6764705882352942,0.5051514
Pneumonia,0.6694402420574886,0.6764705882352942,0.5051132
Pneumonia,0.6694402420574886,0.7058823529411765,0.50511307
Pneumonia,0.6727181038830056,0.7058823529411765,0.5050963
Pneumonia,0.6727181038830056,0.7352941176470589,0.50509423
Pneumonia,0.6954109934442764,0.7352941176470589,0.5049718
Pneumonia,0.6959152798789713,0.7352941176470589,0.5049711
Pneumonia,0.697428139183056,0.7352941176470589,0.5049584
Pneumonia,0.6979324256177509,0.7352941176470589,0.50495726
Pneumonia,0.6989409984871406,0.7352941176470589,0.5049527
Pneumonia,0.6994452849218356,0.7352941176470589,0.5049524
Pneumonia,0.7110438729198184,0.7352941176470589,0.5048671
Pneumonia,0.7115481593545133,0.7352941176470589,0.5048652
Pneumonia,0.7281896116994453,0.7352941176470589,0.50470155
Pneumonia,0.7286938981341402,0.7352941176470589,0.50469947
Pneumonia,0.7329803328290468,0.7352941176470589,0.50464785
Pneumonia,0.7334846192637418,0.7352941176470589,0.50464344
Pneumonia,0.7455874936964195,0.7352941176470589,0.50410694
Pneumonia,0.7455874936964195,0.7647058823529411,0.5041053
Pneumonia,0.7521432173474534,0.7647058823529411,0.5034624
Pneumonia,0.7521432173474534,0.7941176470588235,0.5034366
Pneumonia,0.8227433182047403,0.7941176470588235,0.49335408
Pneumonia,0.8232476046394352,0.7941176470588235,0.49335372
Pneumonia,0.8396369137670197,0.7941176470588235,0.4908869
Pneumonia,0.8396369137670197,0.8235294117647058,0.49088305
Pneumonia,0.8429147755925366,0.8235294117647058,0.49031642
Pneumonia,0.8429147755925366,0.8529411764705882,0.49030846
Pneumonia,0.8706505295007564,0.8529411764705882,0.48409945
Pneumonia,0.8706505295007564,0.8823529411764706,0.48399836
Pneumonia,0.8938477054967221,0.8823529411764706,0.4789267
Pneumonia,0.8938477054967221,0.9117647058823529,0.4789257
Pneumonia,0.9205748865355522,0.9117647058823529,0.47202274
Pneumonia,0.9205748865355522,0.9411764705882353,0.47198334
Pneumonia,0.9720121028744326,0.9411764705882353,0.45239404
Pneumonia,0.9720121028744326,0.9705882352941176,0.4523582
Pneumonia,0.9868885526979324,0.9705882352941176,0.4413155
Pneumonia,0.9868885526979324,1.0,0.44122952
Pneumonia,1.0,1.0,0.07544558
Pneumothorax,0.0,0.0,1.5046623
Pneumothorax,0.00025746652935118434,0.0,0.5046622
Pneumothorax,0.0010298661174047373,0.0,0.5045243
Pneumothorax,0.0010298661174047373,0.008620689655172414,0.5045073
Pneumothorax,0.007981462409886715,0.008620689655172414,0.5043025
Pneumothorax,0.007981462409886715,0.017241379310344827,0.5042985
Pneumothorax,0.01004119464469619,0.017241379310344827,0.5042556
Pneumothorax,0.010556127703398558,0.017241379310344827,0.50425303
Pneumothorax,0.010556127703398558,0.02586206896551724,0.5042396
Pneumothorax,0.01132852729145211,0.02586206896551724,0.50419307
Pneumothorax,0.01132852729145211,0.034482758620689655,0.50418276
Pneumothorax,0.014418125643666324,0.034482758620689655,0.50411606
Pneumothorax,0.014418125643666324,0.04310344827586207,0.5041107
Pneumothorax,0.026776519052523172,0.04310344827586207,0.5037777
Pneumothorax,0.026776519052523172,0.05172413793103448,0.50377446
Pneumothorax,0.02909371781668383,0.05172413793103448,0.5037172
Pneumothorax,0.02909371781668383,0.0603448275862069,0.5037171
Pneumothorax,0.03553038105046344,0.0603448275862069,0.5036116
Pneumothorax,0.03604531410916581,0.0603448275862069,0.50361097
Pneumothorax,0.03887744593202884,0.0603448275862069,0.5035643
Pneumothorax,0.039392378990731204,0.0603448275862069,0.5035634
Pneumothorax,0.04016477857878476,0.0603448275862069,0.50355536
Pneumothorax,0.04016477857878476,0.06896551724137931,0.5035536
Pneumothorax,0.04325437693099897,0.06896551724137931,0.50353396
Pneumothorax,0.04325437693099897,0.08620689655172414,0.5035259
Pneumothorax,0.0592173017507724,0.08620689655172414,0.5032745
Pneumothorax,0.05973223480947477,0.08620689655172414,0.5032707
Pneumothorax,0.06333676622039135,0.08620689655172414,0.5032236
Pneumothorax,0.06333676622039135,0.09482758620689655,0.50321496
Pneumothorax,0.0738928939237899,0.09482758620689655,0.5031081
Pneumothorax,0.0738928939237899,0.10344827586206896,0.5031063
Pneumothorax,0.07646755921730175,0.10344827586206896,0.5030611
Pneumothorax,0.7337796086508754,0.7413793103448276,0.5030591
Pneumothorax,0.7337796086508754,0.75,0.5030535
Pneumothorax,0.7371266735324408,0.75,0.50281066
Pneumothorax,0.7371266735324408,0.7586206896551724,0.5028009
Pneumothorax,0.7510298661174047,0.7586206896551724,0.5018927
Pneumothorax,0.7510298661174047,0.7758620689655172,0.5018367
Pneumothorax,0.7530895983522142,0.7758620689655172,0.5016588
Pneumothorax,0.7530895983522142,0.7844827586206896,0.50165343
Pneumothorax,0.7546343975283213,0.7844827586206896,0.50145227
Pneumothorax,0.7546343975283213,0.7931034482758621,0.50143087
Pneumothorax,0.770854788877446,0.7931034482758621,0.49969506
Pneumothorax,0.770854788877446,0.8017241379310345,0.49967107
Pneumothorax,0.7772914521112255,0.8017241379310345,0.4990193
Pneumothorax,0.7772914521112255,0.8103448275862069,0.49901918
Pneumothorax,0.7852729145211123,0.8103448275862069,0.49829033
Pneumothorax,0.7852729145211123,0.8189655172413793,0.49828252
Pneumothorax,0.790422245108136,0.8189655172413793,0.49765182
Pneumothorax,0.790422245108136,0.8275862068965517,0.49764803
Pneumothorax,0.7945417095777549,0.8275862068965517,0.49716705
Pneumothorax,0.7945417095777549,0.8362068965517241,0.49715167
Pneumothorax,0.824150360453141,0.8362068965517241,0.49351254
Pneumothorax,0.8246652935118435,0.8362068965517241,0.4935122
Pneumothorax,0.831101956745623,0.8362068965517241,0.49262086
Pneumothorax,0.831101956745623,0.8448275862068966,0.49261332
Pneumothorax,0.836508753861998,0.8448275862068966,0.49197945
Pneumothorax,0.836508753861998,0.853448275862069,0.49195212
Pneumothorax,0.8535015447991761,0.853448275862069,0.48938116
Pneumothorax,0.8535015447991761,0.8620689655172413,0.489371
Pneumothorax,0.8545314109165808,0.8620689655172413,0.48932648
Pneumothorax,0.8545314109165808,0.8706896551724138,0.489321
Pneumothorax,0.8596807415036045,0.8706896551724138,0.48849398
Pneumothorax,0.8596807415036045,0.8793103448275862,0.48848987
Pneumothorax,0.8599382080329557,0.8793103448275862,0.4884836
Pneumothorax,0.8599382080329557,0.8879310344827587,0.4884059
Pneumothorax,0.8612255406797117,0.8879310344827587,0.48821285
Pneumothorax,0.8612255406797117,0.896551724137931,0.48806164
Pneumothorax,0.8656024716786818,0.896551724137931,0.48715985
Pneumothorax,0.8656024716786818,0.9051724137931034,0.48712388
Pneumothorax,0.8887744593202883,0.9051724137931034,0.48322466
Pneumothorax,0.8887744593202883,0.9137931034482759,0.48316756
Pneumothorax,0.9279093717816684,0.9137931034482759,0.47563007
Pneumothorax,0.9279093717816684,0.9224137931034483,0.4752864
Pneumothorax,0.9366632337796087,0.9224137931034483,0.47336814
Pneumothorax,0.9366632337796087,0.9310344827586207,0.47319725
Pneumothorax,0.9443872296601442,0.9310344827586207,0.4705107
Pneumothorax,0.9443872296601442,0.9396551724137931,0.4704948
Pneumothorax,0.9570030895983522,0.9396551724137931,0.46687
Pneumothorax,0.9570030895983522,0.9482758620689655,0.46680483
Pneumothorax,0.9629248197734295,0.9482758620689655,0.46459106
Pneumothorax,0.9629248197734295,0.9568965517241379,0.46441987
Pneumothorax,0.9742533470648815,0.9568965517241379,0.46029836
Pneumothorax,0.9742533470648815,0.9655172413793104,0.46005338
Pneumothorax,0.9783728115345005,0.9655172413793104,0.45770267
Pneumothorax,0.9783728115345005,0.9741379310344828,0.45748535
Pneumothorax,0.9827497425334707,0.9741379310344828,0.45511922
Pneumothorax,0.9827497425334707,0.9827586206896551,0.45506638
Pneumothorax,0.9927909371781668,0.9827586206896551,0.447227
Pneumothorax,0.9927909371781668,0.9913793103448276,0.44697827
Pneumothorax,0.9956230690010298,0.9913793103448276,0.44204423
Pneumothorax,0.9956230690010298,1.0,0.44109505
Pneumothorax,1.0,1.0,0.25532573
